account_code,account_name,parent_code,parent_name,Internal_Type,account_type,company_name,company_id,user_type
0,Real Veal Burger,,,View,Root/View,R V (REAL VEAL) BURGER,7,1
0, 	 	R V Ardiya,,,View,Root/View,R.V Ardiya,8,1
0,R V Qurain,,,View,Root/View,R.V Qurain,9,1
1,BALANCE SHEET R.V Q,0,R V Qurain,View,Asset View,R.V Qurain,9,12
1,BALANCE SHEET RV A,0, 	 	R V Ardiya,View,Asset View,R.V Ardiya,8,12
1,BALANCE SHEET RVB,0,Real Veal Burger,View,Root/View,R V (REAL VEAL) BURGER,7,1
2,Profit and Loss RV A,0, 	 	R V Ardiya,View,Root/View,R.V Ardiya,8,1
2,Profit and Loss RV Q,0,R V Qurain,View,Root/View,R.V Qurain,9,1
2,Profit and Loss RVB,0,Real Veal Burger,View,Root/View,R V (REAL VEAL) BURGER,7,1
3,EXPENSES RVB,2,Profit and Loss RVB,View,Expense View,R V (REAL VEAL) BURGER,7,11
3,EXPENSES RV A,2,Profit and Loss RV A,View,Expense View,R.V Ardiya,8,11
3,EXPENSES RV Q,2,Profit and Loss RV Q,View,Expense View,R.V Qurain,9,11
4,REVENUE RV A,2,Profit and Loss RV A,View,Income View,R.V Ardiya,8,10
4,REVENUE RVB,2,Profit and Loss RVB,View,Income View,R V (REAL VEAL) BURGER,7,10
4,REVENUE RV Q,2,Profit and Loss RV Q,View,Income View,R.V Qurain,9,10
11,FIXED ASSETS RVB,1,BALANCE SHEET RVB,View,Asset View,R V (REAL VEAL) BURGER,7,12
11,FIXED ASSETS RV Q,1,BALANCE SHEET R.V Q,View,Asset View,R.V Qurain,9,12
11, 	FIXED ASSETS RV A,1,BALANCE SHEET RV A,View,Asset View,R.V Ardiya,8,12
12,Current Assets RV Q,1,BALANCE SHEET R.V Q,View,Asset View,R.V Qurain,9,12
12,Current Asset RVB,1,BALANCE SHEET RVB,View,Asset View,R V (REAL VEAL) BURGER,7,12
13,INVESTMENTS RVB,1,BALANCE SHEET RVB,View,Asset View,R V (REAL VEAL) BURGER,7,12
21,Owner Equity RVB,1,BALANCE SHEET RVB,View,Equity,R V (REAL VEAL) BURGER,7,15
21,Owner Equity RV Q,1,BALANCE SHEET R.V Q,View,Equity,R.V Qurain,9,15
21,Owner Equity RV A,1,BALANCE SHEET RV A,View,Equity,R.V Ardiya,8,15
22,CURRENT LIABILITES RV Q,3201,OPERATION EXPENSES LEVEL 1 RV Q,View,Liability View,R.V Qurain,9,13
22,CURRENT LIABILITES RV A,1,BALANCE SHEET RV A,View,Liability View,R.V Ardiya,8,13
22,CURRENT LIABILITES RVB,1,BALANCE SHEET RVB,View,Liability View,R V (REAL VEAL) BURGER,7,13
23,NON CURRENT LIABILITES RV A,1,BALANCE SHEET RV A,View,Liability View,R.V Ardiya,8,13
23,NON CURRENT LIABILITES RVB,1,BALANCE SHEET RVB,View,Liability View,R V (REAL VEAL) BURGER,7,13
23,NON CURRENT LIABILITES RV Q,1,BALANCE SHEET R.V Q,View,Liability View,R.V Qurain,9,13
31,FOOD COST EXPENSES RV Q,3,EXPENSES RV Q,View,Expense View,R.V Qurain,9,11
31,FOOD COST EXPENSES RV A,3,EXPENSES RV A,View,Expense View,R.V Ardiya,8,11
31,FOOD COST EXPENSES RVB,3,EXPENSES RVB,View,Expense View,R V (REAL VEAL) BURGER,7,11
32,OPERATION DIRECT EXPENSES RVB,3,EXPENSES RVB,View,Expense View,R V (REAL VEAL) BURGER,7,11
32,OPERATION DIRECT EXPENSES RV Q,3,EXPENSES RV Q,View,Expense View,R.V Qurain,9,11
32,OPERATION DIRECT EXPENSES RV A,3,EXPENSES RV A,View,Expense View,R.V Ardiya,8,11
41,REVENUE OPERATIONS RV A,4,REVENUE RV A,View,Income View,R.V Ardiya,8,10
41,REVENUE OPERATIONS RV Q,4,REVENUE RV Q,View,Income View,R.V Qurain,9,10
41,REVENUE OPERATIONS RVB,4,REVENUE RVB,View,Income View,R V (REAL VEAL) BURGER,7,10
42,REVENUE OTHERS RV A,4,REVENUE RV A,View,Income View,R.V Ardiya,8,10
42,REVENUE OTHERS RVB,4,REVENUE RVB,View,Income View,R V (REAL VEAL) BURGER,7,10
42,REVENUE OTHERS RV Q,4,REVENUE RV Q,View,Income View,R.V Qurain,9,10
12,Current Asset RV A,1,BALANCE SHEET RV A,View,Asset View,R.V Ardiya,8,12
130,CREDITORS RVB,13,INVESTMENTS RVB,View,Liability View,R V (REAL VEAL) BURGER,7,13
1101,TA-RVQ,11,FIXED ASSETS RV Q,View,Asset View,R.V Qurain,9,12
1101, 	TANGIBLE ASSETS RV A,11, 	FIXED ASSETS RV A,View,Asset View,R.V Ardiya,8,12
1101, 	TANGIBLE ASSETS RVB,11,FIXED ASSETS RVB,View,Asset View,R V (REAL VEAL) BURGER,7,12
1102,IN TANGIBLE ASSETS RVB,11,FIXED ASSETS RVB,View,Asset View,R V (REAL VEAL) BURGER,7,12
1201,Cash & Banks RV Q,12,Current Assets RV Q,View,Asset View,R.V Qurain,9,12
1201,Cash & Banks RV A,12,Current Asset RV A,View,Asset View,R.V Ardiya,8,12
1201,Cash & Banks RVB,12,Current Asset RVB,View,Asset View,R V (REAL VEAL) BURGER,7,12
1202,ACCOUNTS RECEIVABLE RV Q,12,Current Assets RV Q,View,Receivable,R.V Qurain,9,2
1202,ACCOUNTS RECEIVABLE RV A,12,Current Asset RV A,View,Receivable,R.V Ardiya,8,2
1202,ACCOUNTS RECEIVABLE RVB,12,Current Asset RVB,View,Receivable,R V (REAL VEAL) BURGER,7,2
1203,INVENTORY RVB,12,Current Asset RVB,View,Asset View,R V (REAL VEAL) BURGER,7,12
1203,INVENTORY RV A,12,Current Asset RV A,View,Asset View,R.V Ardiya,8,12
1203,INVENTORY RV Q,12,Current Assets RV Q,View,Asset View,R.V Qurain,9,12
1204,PREPAID EXPENSES RV Q,12,Current Assets RV Q,View,Asset View,R.V Qurain,9,12
1204,PREPAID EXPENSES RV A,12,Current Asset RV A,View,Asset View,R.V Ardiya,8,12
1204,PREPAID EXPENSES RVB,12,Current Asset RVB,View,Asset View,R V (REAL VEAL) BURGER,7,12
1205,PRE OPERATING EXPENSES RVB,12,Current Asset RVB,View,Asset View,R V (REAL VEAL) BURGER,7,12
1301,INTER COMPANY ACCOUNTS RVB,13,INVESTMENTS RVB,View,Asset View,R V (REAL VEAL) BURGER,7,12
2101,OWNERS SHARE RVB,21,Owner Equity RVB,View,Equity,R V (REAL VEAL) BURGER,7,15
2201,SUPPLIER PAYABLE RV A,22,CURRENT LIABILITES RV A,View,Liability View,R.V Ardiya,8,13
2201,SUPPLIER PAYABLE RVB,22,CURRENT LIABILITES RVB,View,Liability View,R V (REAL VEAL) BURGER,7,13
2201,SUPPLIER PAYABLE RV Q,22,CURRENT LIABILITES RV Q,View,Liability View,R.V Qurain,9,13
2202,EMPLOYEES PAYABLE RV Q,22,CURRENT LIABILITES RV Q,View,Liability View,R.V Qurain,9,13
2202,EMPLOYEES PAYABLE RV A,22,CURRENT LIABILITES RV A,View,Liability View,R.V Ardiya,8,13
2202,EMPLOYEES PAYABLE RVB,22,CURRENT LIABILITES RVB,View,Liability View,R V (REAL VEAL) BURGER,7,13
2203,ACCRUED PAYABLE RVB,22,CURRENT LIABILITES RVB,View,Liability View,R V (REAL VEAL) BURGER,7,13
2203,ACCRUED PAYABLE RV Q,22,CURRENT LIABILITES RV Q,View,Liability View,R.V Qurain,9,13
2203,ACCRUED PAYABLE RV A,22,CURRENT LIABILITES RV A,View,Liability View,R.V Ardiya,8,13
2302,STAFF INDEMNITY RV Q,23,NON CURRENT LIABILITES RV Q,View,Liability View,R.V Qurain,9,13
2302,STAFF INDEMNITY RV A,23,NON CURRENT LIABILITES RV A,View,Liability View,R.V Ardiya,8,13
2302,STAFF INDEMNITY RVB,23,NON CURRENT LIABILITES RVB,View,Liability View,R V (REAL VEAL) BURGER,7,13
3101,Cost of Goods Sold RV A,31,FOOD COST EXPENSES RV A,View,Expense View,R.V Ardiya,8,11
3101,Cost of Goods Sold RVB,31,FOOD COST EXPENSES RVB,View,Expense View,R V (REAL VEAL) BURGER,7,11
3101,Cost of Goods Sold RV Q,31,FOOD COST EXPENSES RV Q,View,Expense View,R.V Qurain,9,11
3201,OPERATION EXPENSES LEVEL 1 RVB,32,OPERATION DIRECT EXPENSES RVB,View,Expense View,R V (REAL VEAL) BURGER,7,11
3201,OPERATION EXPENSES LEVEL 1 RV Q,32,OPERATION DIRECT EXPENSES RV Q,View,Expense View,R.V Qurain,9,11
3201,OPERATION EXPENSES LEVEL 1 RV A,32,OPERATION DIRECT EXPENSES RV A,View,Expense View,R.V Ardiya,8,11
3202,ADMINISTRATION EXPENSES LEVEL 2 RVB,32,OPERATION DIRECT EXPENSES RVB,View,Expense View,R V (REAL VEAL) BURGER,7,11
3202,ADMINISTRATION EXPENSES LEVEL 2 RV Q,32,OPERATION DIRECT EXPENSES RV Q,View,Expense View,R.V Qurain,9,11
3202,ADMINISTRATION EXPENSES LEVEL 2 RV A,32,OPERATION DIRECT EXPENSES RV A,View,Expense View,R.V Ardiya,8,11
3203,TOP MANAGEMENT EXPENSES LEVEL 3 RV A,32,OPERATION DIRECT EXPENSES RV A,View,Expense View,R.V Ardiya,8,11
3203,TOP MANAGEMENT EXPENSES LEVEL 3 RV Q,32,OPERATION DIRECT EXPENSES RV Q,View,Expense View,R.V Qurain,9,11
3203,TOP MANAGEMENT EXPENSES LEVEL 3 RVB,32,OPERATION DIRECT EXPENSES RVB,View,Expense View,R V (REAL VEAL) BURGER,7,11
3204,DEPRECIATION AND AMMORTISATION Level 4 RVB,32,OPERATION DIRECT EXPENSES RVB,View,Expense View,R V (REAL VEAL) BURGER,7,11
4101,Revenue Sales RV Q,41,REVENUE OPERATIONS RV Q,View,Income View,R.V Qurain,9,10
4101,Revenue Sales RVB,41,REVENUE OPERATIONS RVB,View,Income View,R V (REAL VEAL) BURGER,7,10
4101,Revenue Sales RV A,41,REVENUE OPERATIONS RV A,View,Income View,R.V Ardiya,8,10
4201,REVENUE COMMISSION RVB,42,REVENUE OTHERS RVB,View,Income View,R V (REAL VEAL) BURGER,7,10
4201,REVENUE COMMISSION RV A,42,REVENUE OTHERS RV A,View,Income View,R.V Ardiya,8,10
4201,REVENUE COMMISSION RVQ,42,REVENUE OTHERS RV Q,View,Income View,R.V Qurain,9,10
4202,REVENUE SALE OF ASSETS RVB,42,REVENUE OTHERS RVB,View,Income View,R V (REAL VEAL) BURGER,7,10
4202,REVENUE SALE OF ASSETS RV Q,42,REVENUE OTHERS RV Q,View,Income View,R.V Qurain,9,10
4202,REVENUE SALE OF ASSETS RV A,42,REVENUE OTHERS RV A,View,Income View,R.V Ardiya,8,10
4209,OTHER MISCELLANEOUS INCOME RVB,42,REVENUE OTHERS RVB,View,Income View,R V (REAL VEAL) BURGER,7,10
4209,OTHER MISCELLANEOUS INCOME RV A,42,REVENUE OTHERS RV A,View,Income View,R.V Ardiya,8,10
4209,OTHER MISCELLANEOUS INCOME RV Q,42,REVENUE OTHERS RV Q,View,Income View,R.V Qurain,9,10
1102,IN TANGIBLE ASSETS RV A,11, 	FIXED ASSETS RV A,View,Asset View,R.V Ardiya,8,12
1102,IN TANGIBLE ASSETS RV Q,11,FIXED ASSETS RV Q,View,Asset View,R.V Qurain,9,12
31010,COST OF GOODS PROCESSED FOOD RVB,3101,Cost of Goods Sold RVB,View,Expense View,R V (REAL VEAL) BURGER,7,11
100102,FURNITURE RVB,1101, 	TANGIBLE ASSETS RVB,View,Asset View,R V (REAL VEAL) BURGER,7,12
110101, 	FIXERS AND ESTABLISHMENTS  RV A,1101, 	TANGIBLE ASSETS RV A,View,Asset View,R.V Ardiya,8,12
110101,FIXERS AND ESTABLISHMENTS  RVB,1101, 	TANGIBLE ASSETS RVB,View,Asset View,R V (REAL VEAL) BURGER,7,12
110101,FIXERS AND ESTABLISHMENTS  RV Q,1101,TA-RVQ,View,Asset View,R.V Qurain,9,12
110103,DECORATIONS RVB,1101, 	TANGIBLE ASSETS RVB,View,Asset View,R V (REAL VEAL) BURGER,7,12
110104,COMPUTERS & PERIPHERALS RV Q,1101,TA-RVQ,View,Asset View,R.V Qurain,9,12
110104,COMPUTERS & PERIPHERALS RV A,1101, 	TANGIBLE ASSETS RV A,View,Asset View,R.V Ardiya,8,12
110104,COMPUTERS & PERIPHERALS RVB,1101, 	TANGIBLE ASSETS RVB,View,Asset View,R V (REAL VEAL) BURGER,7,12
110105,EQUIPMENT RV Q,1101,TA-RVQ,View,Asset View,R.V Qurain,9,12
110105,EQUIPMENT RV A,1101, 	TANGIBLE ASSETS RV A,View,Asset View,R.V Ardiya,8,12
110105,EQUIPMENT RVB,1101, 	TANGIBLE ASSETS RVB,View,Asset View,R V (REAL VEAL) BURGER,7,12
110106,VEHICLES RVB,1101, 	TANGIBLE ASSETS RVB,View,Asset View,R V (REAL VEAL) BURGER,7,12
110106,VEHICLES RV A,1101, 	TANGIBLE ASSETS RV A,View,Asset View,R.V Ardiya,8,12
110106,VEHICLES RV Q,1101,TA-RVQ,View,Asset View,R.V Qurain,9,12
110201,KEY MONEY RVB,1102,IN TANGIBLE ASSETS RVB,View,Asset View,R V (REAL VEAL) BURGER,7,12
110202,GOODWILL RVB,1102,IN TANGIBLE ASSETS RVB,View,Asset View,R V (REAL VEAL) BURGER,7,12
110203,SOFTWARE PROGRAMS RVB,1102,IN TANGIBLE ASSETS RVB,View,Asset View,R V (REAL VEAL) BURGER,7,12
120101,CASH & PETTY CASH RV A,1201,Cash & Banks RV A,View,Asset View,R.V Ardiya,8,12
120101,CASH & PETTY CASH RV Q,1201,Cash & Banks RV Q,View,Asset View,R.V Qurain,9,12
120101,CASH & PETTY CASH RVB,1201,Cash & Banks RVB,View,Asset View,R V (REAL VEAL) BURGER,7,12
120102,BANKS RVB,1201,Cash & Banks RVB,View,Bank,R V (REAL VEAL) BURGER,7,4
120201,Customer RECEIVABLE RVB,1202,ACCOUNTS RECEIVABLE RVB,View,Receivable,R V (REAL VEAL) BURGER,7,2
120201,Customer RECEIVABLE RV Q,1202,ACCOUNTS RECEIVABLE RV Q,View,Receivable,R.V Qurain,9,2
120201,Customer RECEIVABLE RV A,1202,ACCOUNTS RECEIVABLE RV A,View,Receivable,R.V Ardiya,8,2
120202,EMPLOYEES RECIVABLES RVB,1202,ACCOUNTS RECEIVABLE RVB,View,Receivable,R V (REAL VEAL) BURGER,7,2
120202,EMPLOYEES RECIVABLES RV Q,1202,ACCOUNTS RECEIVABLE RV Q,View,Receivable,R.V Qurain,9,2
120202,EMPLOYEES RECIVABLES RV A,1202,ACCOUNTS RECEIVABLE RV A,View,Receivable,R.V Ardiya,8,2
120203,SECURITY DEPOSITS RVB,1202,ACCOUNTS RECEIVABLE RVB,View,Receivable,R V (REAL VEAL) BURGER,7,2
120301,Store RV Q,1203,INVENTORY RV Q,View,Asset View,R.V Qurain,9,12
120301,Store RV A,1203,INVENTORY RV A,View,Asset View,R.V Ardiya,8,12
120301,Store RVB,1203,INVENTORY RVB,View,Asset View,R V (REAL VEAL) BURGER,7,12
120401,Prepaid Exp RV Q,1204,PREPAID EXPENSES RV Q,View,Asset View,R.V Qurain,9,12
120401,Prepaid Exp RV A,1204,PREPAID EXPENSES RV A,View,Asset View,R.V Ardiya,8,12
120401,Prepaid Exp RVB ,1204,PREPAID EXPENSES RVB,View,Asset View,R V (REAL VEAL) BURGER,7,12
210105,RETAINED EARNINGS RVB,2101,OWNERS SHARE RVB,View,Equity,R V (REAL VEAL) BURGER,7,15
210106,P & L ACCOUNTS RVB,2101,OWNERS SHARE RVB,View,Equity,R V (REAL VEAL) BURGER,7,15
220101,TRADE & NON TRADE SUPPLIERS RVB,2201,SUPPLIER PAYABLE RVB,View,Liability View,R V (REAL VEAL) BURGER,7,13
220101,TRADE & NON TRADE SUPPLIERS RV A,2201,SUPPLIER PAYABLE RV A,View,Liability View,R.V Ardiya,8,13
220101,TRADE & NON TRADE SUPPLIERS RV Q,2201,SUPPLIER PAYABLE RV Q,View,Liability View,R.V Qurain,9,13
220201,STAFF PAYABLE RV Q,2202,EMPLOYEES PAYABLE RV Q,View,Liability View,R.V Qurain,9,13
220201,STAFF PAYABLE RV A,2202,EMPLOYEES PAYABLE RV A,View,Liability View,R.V Ardiya,8,13
220201,STAFF PAYABLE RVB,2202,EMPLOYEES PAYABLE RVB,View,Liability View,R V (REAL VEAL) BURGER,7,13
220301,ACCRUED STAFF SALARY PAYABLE RV A,2203,ACCRUED PAYABLE RV A,View,Liability View,R.V Ardiya,8,13
220301,ACCRUED STAFF SALARY PAYABLE RVB,2203,ACCRUED PAYABLE RVB,View,Liability View,R V (REAL VEAL) BURGER,7,13
220301,ACCRUED STAFF SALARY PAYABLE RV Q,2203,ACCRUED PAYABLE RV Q,View,Liability View,R.V Qurain,9,13
220302,ACCRUED RENT PAYABLE RV A,2203,ACCRUED PAYABLE RV A,View,Liability View,R.V Ardiya,8,13
220302,ACCRUED RENT PAYABLE RVB,2203,ACCRUED PAYABLE RVB,View,Liability View,R V (REAL VEAL) BURGER,7,13
220302,ACCRUED RENT PAYABLE RV Q,2203,ACCRUED PAYABLE RV Q,View,Liability View,R.V Qurain,9,13
220304,ACCRUED SERVICE CHARGES RVB,2203,ACCRUED PAYABLE RVB,View,Liability View,R V (REAL VEAL) BURGER,7,13
220304,ACCRUED SERVICE CHARGES  RV Q,2203,ACCRUED PAYABLE RV Q,View,Liability View,R.V Qurain,9,13
220304,ACCRUED SERVICE CHARGES RV A,2203,ACCRUED PAYABLE RV A,View,Liability View,R.V Ardiya,8,13
220306,ACCRUED EXPENSE OTHERS RVB,2203,ACCRUED PAYABLE RVB,View,Liability View,R V (REAL VEAL) BURGER,7,13
220306,ACCRUED EXPENSE OTHERS  RV Q,2203,ACCRUED PAYABLE RV Q,View,Liability View,R.V Qurain,9,13
220306,ACCRUED EXPENSE OTHERS RV A,2203,ACCRUED PAYABLE RV A,View,Liability View,R.V Ardiya,8,13
230201,STAFF INDEMNITY PAYABLE RVB,2302,STAFF INDEMNITY RVB,View,Liability View,R V (REAL VEAL) BURGER,7,13
230201,STAFF INDEMNITY PAYABLE RV Q,2302,STAFF INDEMNITY RV Q,View,Liability View,R.V Qurain,9,13
230201,STAFF INDEMNITY PAYABLE RV A,2302,STAFF INDEMNITY RV A,View,Liability View,R.V Ardiya,8,13
310101,COST OF GOODS PROCESSED FOOD RV Q,3101,Cost of Goods Sold RV Q,View,Expense View,R.V Qurain,9,11
310101,COST OF GOODS PROCESSED FOOD RV A,3101,Cost of Goods Sold RV A,View,Expense View,R.V Ardiya,8,11
320101,DIRECT STAFF SALARY RVB,3201,OPERATION EXPENSES LEVEL 1 RVB,View,Expense View,R V (REAL VEAL) BURGER,7,11
320101,DIRECT STAFF SALARY RV A,3201,OPERATION EXPENSES LEVEL 1 RV A,View,Expense View,R.V Ardiya,8,11
320101,DIRECT STAFF SALARY RV Q,3201,OPERATION EXPENSES LEVEL 1 RV Q,View,Expense View,R.V Qurain,9,11
320102,DIRECT STAFF RELATED EXPENSES RV Q,3201,OPERATION EXPENSES LEVEL 1 RV Q,View,Expense View,R.V Qurain,9,11
320102,DIRECT STAFF RELATED EXPENSES RVB,3201,OPERATION EXPENSES LEVEL 1 RVB,View,Expense View,R V (REAL VEAL) BURGER,7,11
320102,DIRECT STAFF RELATED EXPENSES RV A,3201,OPERATION EXPENSES LEVEL 1 RV A,View,Expense View,R.V Ardiya,8,11
320103,DIRECT RENT EXPENSES RVB,3201,OPERATION EXPENSES LEVEL 1 RVB,View,Expense View,R V (REAL VEAL) BURGER,7,11
320103,DIRECT RENT EXPENSES RV A,3201,OPERATION EXPENSES LEVEL 1 RV A,View,Expense View,R.V Ardiya,8,11
320103,DIRECT RENT EXPENSES RV Q,3201,OPERATION EXPENSES LEVEL 1 RV Q,View,Expense View,R.V Qurain,9,11
320104,DIRECT REPAIRS and MAINTENENCE RV Q,3201,OPERATION EXPENSES LEVEL 1 RV Q,View,Expense View,R.V Qurain,9,11
320104,DIRECT REPAIRS and MAINTENENCE RV A,3201,OPERATION EXPENSES LEVEL 1 RV A,View,Expense View,R.V Ardiya,8,11
320104,DIRECT REPAIRS and MAINTENENCE RVB,3201,OPERATION EXPENSES LEVEL 1 RVB,View,Expense View,R V (REAL VEAL) BURGER,7,11
320105,OTHER DIRECT EXPENSES RV A,3201,OPERATION EXPENSES LEVEL 1 RV A,View,Expense View,R.V Ardiya,8,11
320105,OTHER DIRECT EXPENSES RV Q,3201,OPERATION EXPENSES LEVEL 1 RV Q,View,Expense View,R.V Qurain,9,11
320105,OTHER DIRECT EXPENSES RVB,3201,OPERATION EXPENSES LEVEL 1 RVB,View,Expense View,R V (REAL VEAL) BURGER,7,11
320106,MARKETTING SALES PROMOTION RV A,3201,OPERATION EXPENSES LEVEL 1 RV A,View,Expense View,R.V Ardiya,8,11
320106,MARKETTING SALES PROMOTION RVB,3201,OPERATION EXPENSES LEVEL 1 RVB,View,Expense View,R V (REAL VEAL) BURGER,7,11
320106,MARKETTING SALES PROMOTION RV Q,3201,OPERATION EXPENSES LEVEL 1 RV Q,View,Expense View,R.V Qurain,9,11
320201,HO STAFF SALARY RVB,3202,ADMINISTRATION EXPENSES LEVEL 2 RVB,View,Expense View,R V (REAL VEAL) BURGER,7,11
320201,HO STAFF SALARY RV A,3202,ADMINISTRATION EXPENSES LEVEL 2 RV A,View,Expense View,R.V Ardiya,8,11
320201,HO STAFF SALARY RV Q,3202,ADMINISTRATION EXPENSES LEVEL 2 RV Q,View,Expense View,R.V Qurain,9,11
320202,HO EXPENSES RV Q,3202,ADMINISTRATION EXPENSES LEVEL 2 RV Q,View,Expense View,R.V Qurain,9,11
320202,HO EXPENSES RV A,3202,ADMINISTRATION EXPENSES LEVEL 2 RV A,View,Expense View,R.V Ardiya,8,11
320202,HO EXPENSES RVB,3202,ADMINISTRATION EXPENSES LEVEL 2 RVB,View,Expense View,R V (REAL VEAL) BURGER,7,11
320301,TOP Mgt. SALARY  RV A,3203,TOP MANAGEMENT EXPENSES LEVEL 3 RV A,View,Expense View,R.V Ardiya,8,11
320301,TOP Mgt. SALARY  RVB,3203,TOP MANAGEMENT EXPENSES LEVEL 3 RVB,View,Expense View,R V (REAL VEAL) BURGER,7,11
320301,TOP Mgt. SALARY  RV Q,3203,TOP MANAGEMENT EXPENSES LEVEL 3 RV Q,View,Expense View,R.V Qurain,9,11
320401,DEPRECIATION RVB,3204,DEPRECIATION AND AMMORTISATION Level 4 RVB,View,Expense View,R V (REAL VEAL) BURGER,7,11
320402,AMORTISATION RVB,3204,DEPRECIATION AND AMMORTISATION Level 4 RVB,View,Expense View,R V (REAL VEAL) BURGER,7,11
410101,Revenue Daily Sales RV Q,4101,Revenue Sales RV Q,View,Income View,R.V Qurain,9,10
410101,Revenue Daily Sales RVB,4101,Revenue Sales RVB,View,Income View,R V (REAL VEAL) BURGER,7,10
410101,Revenue Daily Sales RV A,4101,Revenue Sales RV A,View,Income View,R.V Ardiya,8,10
420101,COMMISSION INCOME RV A,4201,REVENUE COMMISSION RV A,View,Income View,R.V Ardiya,8,10
420101,COMMISSION INCOME RVB,4201,REVENUE COMMISSION RVB,View,Income View,R V (REAL VEAL) BURGER,7,10
420101,COMMISSION INCOME RV Q,4201,REVENUE COMMISSION RVQ,View,Income View,R.V Qurain,9,10
420201,ASSETS SALE INCOME RV Q,4202,REVENUE SALE OF ASSETS RV Q,View,Income View,R.V Qurain,9,10
420201,ASSETS SALE INCOME RVB,4202,REVENUE SALE OF ASSETS RVB,View,Income View,R V (REAL VEAL) BURGER,7,10
420201,ASSETS SALE INCOME RV A,4202,REVENUE SALE OF ASSETS RV A,View,Income View,R.V Ardiya,8,10
420901,OTHER MISCELLANEOUS INCOME RV Q,4209,OTHER MISCELLANEOUS INCOME RV Q,View,Income View,R.V Qurain,9,10
420901,OTHER MISCELLANEOUS INCOME RVB,4209,OTHER MISCELLANEOUS INCOME RVB,View,Income View,R V (REAL VEAL) BURGER,7,10
420901,OTHER MISCELLANEOUS INCOME RV A,4209,OTHER MISCELLANEOUS INCOME RV A,View,Income View,R.V Ardiya,8,10
110103,DECORATIONS RV A,1101, 	TANGIBLE ASSETS RV A,View,Asset View,R.V Ardiya,8,12
110103,DECORATIONS RV Q,1101,TA-RVQ,View,Asset View,R.V Qurain,9,12
11010110001,Fixtures,110101,FIXERS AND ESTABLISHMENTS  RVB,Regular,Asset,R V (REAL VEAL) BURGER,7,6
11010110101,Acc. Depreciation Fixtures,110101,FIXERS AND ESTABLISHMENTS  RVB,Regular,Asset,R V (REAL VEAL) BURGER,7,6
11010210001,Office Furniture RVB,100102,FURNITURE RVB,Regular,Asset,R V (REAL VEAL) BURGER,7,6
11010210002,Kitchen Furniture RVB,100102,FURNITURE RVB,Regular,Asset,R V (REAL VEAL) BURGER,7,6
11010210101,Acc. Depreciation Office Furniture RVB,100102,FURNITURE RVB,Regular,Asset,R V (REAL VEAL) BURGER,7,6
11010310001,Decorations RVB,110103,DECORATIONS RVB,Regular,Asset,R V (REAL VEAL) BURGER,7,6
11010310101,Acc. Depreciation Decorations,110103,DECORATIONS RVB,Regular,Asset,R V (REAL VEAL) BURGER,7,6
11010410002,Phones; Fax; Copiers RVB,110104,COMPUTERS & PERIPHERALS RVB,Regular,Asset,R V (REAL VEAL) BURGER,7,6
11010410101,Acc. Depreciation Computers and Printers RVB,110104,COMPUTERS & PERIPHERALS RVB,Regular,Asset,R V (REAL VEAL) BURGER,7,6
11010610001,Light Motor Vehicles,110101,FIXERS AND ESTABLISHMENTS  RVB,Regular,Asset,R V (REAL VEAL) BURGER,7,6
11010610101,Acc. Depreciation Light Motor Vehicles,110106,VEHICLES RVB,Regular,Asset,R V (REAL VEAL) BURGER,7,6
11020110001,Key Money RVB,110201,KEY MONEY RVB,Regular,Asset,R V (REAL VEAL) BURGER,7,6
11020110101,Amortisation Key Money RVB,110201,KEY MONEY RVB,Regular,Asset,R V (REAL VEAL) BURGER,7,6
11020310001,Softwares RVB,110203,SOFTWARE PROGRAMS RVB,Regular,Asset,R V (REAL VEAL) BURGER,7,6
11020310101,Amortisation Softwares RVB,110203,SOFTWARE PROGRAMS RVB,Regular,Asset,R V (REAL VEAL) BURGER,7,6
12010110001,CASH Collections RV A,120101,CASH & PETTY CASH RV A,Regular,Cash,R.V Ardiya,8,5
12010110001,CASH Collections RVB,120101,CASH & PETTY CASH RVB,Regular,Cash,R V (REAL VEAL) BURGER,7,5
12010110002,Al Raed Cash RV Q,120101,CASH & PETTY CASH RV Q,Regular,Cash,R.V Qurain,9,5
12010110002,Al Raed Cash RVB,120101,CASH & PETTY CASH RVB,Regular,Cash,R V (REAL VEAL) BURGER,7,5
12010110003,K Net collection RVB,120101,CASH & PETTY CASH RVB,Regular,Bank,R V (REAL VEAL) BURGER,7,4
12010110003,K Net collection RV A,120101,CASH & PETTY CASH RV A,Regular,Bank,R.V Ardiya,8,4
12010110003,K Net collection RV Q,120101,CASH & PETTY CASH RV Q,Regular,Bank,R.V Qurain,9,4
12010110004,Carriage Cash & K Net RVB,120101,CASH & PETTY CASH RVB,Regular,Cash,R V (REAL VEAL) BURGER,7,5
12010110005,Bil Bayt collection RV A,120101,CASH & PETTY CASH RV A,Regular,Cash,R.V Ardiya,8,5
12010110005,Bil Bayt collection RVB,120101,CASH & PETTY CASH RVB,Regular,Cash,R V (REAL VEAL) BURGER,7,5
12010110005,Bil Bayt collection RV Q,120101,CASH & PETTY CASH RV Q,Regular,Cash,R.V Qurain,9,5
12010110006,Talabat K Net RV A,120101,CASH & PETTY CASH RV A,Regular,Cash,R.V Ardiya,8,5
12010110006,Talabat K Net RVB,120101,CASH & PETTY CASH RVB,Regular,Cash,R V (REAL VEAL) BURGER,7,5
12010110006,Talabat K Net RV Q,120101,CASH & PETTY CASH RV Q,Regular,Cash,R.V Qurain,9,5
12010110109,Petty Cash H.O RVB,120101,CASH & PETTY CASH RVB,Regular,Cash,R V (REAL VEAL) BURGER,7,5
12010210301,ABK 0603465442 002 RVB,120102,BANKS RVB,Regular,Bank,R V (REAL VEAL) BURGER,7,4
12030110001,Stock Inventory R.V,120301,Store RVB,Regular,Asset,R V (REAL VEAL) BURGER,7,6
12040110008,Prepaid Service charges,120401,Prepaid Exp RV Q,Regular,Asset,R.V Qurain,9,6
13010110006,Revera Catering RVB,1301,INTER COMPANY ACCOUNTS RVB,Regular,Asset,R V (REAL VEAL) BURGER,7,6
21020110000,Suppliers Control Account RV Q,220101,TRADE & NON TRADE SUPPLIERS RV Q,Payable,Payable,R.V Qurain,9,3
21020110000,Suppliers Control Account RV A,220101,TRADE & NON TRADE SUPPLIERS RV A,Payable,Payable,R.V Ardiya,8,3
21020110000,Staff Control Account,220201,STAFF PAYABLE,Regular,Liability,R V (REAL VEAL) BURGER,7,7
21020120000,Purchase Clearing account RV A,220101,TRADE & NON TRADE SUPPLIERS RV A,Regular,Payable,R.V Ardiya,8,3
21020120000,Purchase Clearing account RV Q,220101,TRADE & NON TRADE SUPPLIERS RV Q,Regular,Payable,R.V Qurain,9,3
21030410001,Accrued Service charges RV A,220304,ACCRUED SERVICE CHARGES RV A,Regular,Liability,R.V Ardiya,8,7
23020110001,Staff Indemnity payable,230201,STAFF INDEMNITY PAYABLE RV Q,Regular,Liability,R.V Qurain,9,7
31010110001,Cost of Goods sold RVB,31010,COST OF GOODS PROCESSED FOOD RVB,Regular,Expense,R V (REAL VEAL) BURGER,7,9
31010110002,Wastages RVB,31010,COST OF GOODS PROCESSED FOOD RVB,Regular,Expense,R V (REAL VEAL) BURGER,7,9
32010110004,Housing Allowance employees RV Q,320101,DIRECT STAFF SALARY RV Q,Regular,Expense,R.V Qurain,9,9
32010110006,Overtime Full time employees RV Q,320101,DIRECT STAFF SALARY RV Q,Regular,Expense,R.V Qurain,9,9
32010110007,Salary casual & temporary RVB,320101,DIRECT STAFF SALARY RVB,Regular,Expense,R V (REAL VEAL) BURGER,7,9
32010110008,Leave salary provision RVB,320101,DIRECT STAFF SALARY RVB,Regular,Expense,R V (REAL VEAL) BURGER,7,9
32010210001,STAFF accomodation expenses RV A,320102,DIRECT STAFF RELATED EXPENSES RV A,Regular,Expense,R.V Ardiya,8,9
32010210006,Staff recruitment expenses RV A,320102,DIRECT STAFF RELATED EXPENSES RV A,Regular,Expense,R.V Ardiya,8,9
32010210007,Staff Health & Baladiya expenses RV A,320102,DIRECT STAFF RELATED EXPENSES RV A,Regular,Expense,R.V Ardiya,8,9
32010210007,Staff health & baladiya expenses RV Q,320102,DIRECT STAFF RELATED EXPENSES RV Q,Regular,Expense,R.V Qurain,9,9
32010210008,Staff welfare expenses RV Q,320102,DIRECT STAFF RELATED EXPENSES RV Q,Regular,Expense,R.V Qurain,9,9
32010210009,Staff training expenses RVB,320102,DIRECT STAFF RELATED EXPENSES RVB,Regular,Expense,R V (REAL VEAL) BURGER,7,9
32010310002,Rents - Stores RVB,320103,DIRECT RENT EXPENSES RVB,Regular,Expense,R V (REAL VEAL) BURGER,7,9
32010410004,Repairs n maint. - Fuel vehicles RVB,320104,DIRECT REPAIRS and MAINTENENCE RVB,Regular,Expense,R V (REAL VEAL) BURGER,7,9
32010410005,Repairs n maint. - IT related RV A,320104,DIRECT REPAIRS and MAINTENENCE RV A,Regular,Expense,R.V Ardiya,8,9
32010410009,Repairs n maint. - Others RV Q,320104,DIRECT REPAIRS and MAINTENENCE RV Q,Regular,Expense,R.V Qurain,9,9
32010510001,Telephone communications RV A,320105,OTHER DIRECT EXPENSES RV A,Regular,Expense,R.V Ardiya,8,9
32010510008,Delivery cos charges RVB,320105,OTHER DIRECT EXPENSES RVB,Regular,Expense,R V (REAL VEAL) BURGER,7,9
32010510011,Security collection expenses RV A,320105,OTHER DIRECT EXPENSES RV A,Regular,Expense,R.V Ardiya,8,9
32010510011,Security collection expenses RVB,320105,OTHER DIRECT EXPENSES RVB,Regular,Expense,R V (REAL VEAL) BURGER,7,9
32010510016,Service charges RV A,320105,OTHER DIRECT EXPENSES RV A,Regular,Expense,R.V Ardiya,8,9
32010510016,Service charges RV Q,320105,OTHER DIRECT EXPENSES RV Q,Regular,Expense,R.V Qurain,9,9
32010510018,Misc. kitchen tools RV A,320105,OTHER DIRECT EXPENSES RV A,Regular,Expense,R.V Ardiya,8,9
32010510021,Donation n Charity RVB,320105,OTHER DIRECT EXPENSES RVB,Regular,Expense,R V (REAL VEAL) BURGER,7,9
32010510021,Donation n Charity RV A,320105,OTHER DIRECT EXPENSES RV A,Regular,Expense,R.V Ardiya,8,9
32010610002,Product testing tasting free items RV Q,320106,MARKETTING SALES PROMOTION RV Q,Regular,Expense,R.V Qurain,9,9
32010610003,Advertisements RV Q,320106,MARKETTING SALES PROMOTION RV Q,Regular,Expense,R.V Qurain,9,9
32020110001,Basic Salary Full time employees HO RVB,320201,HO STAFF SALARY RVB,Regular,Expense,R V (REAL VEAL) BURGER,7,9
32020110001,Basic Salary Full time employees HO RV A,320201,HO STAFF SALARY RV A,Regular,Expense,R.V Ardiya,8,9
32020110006,Overtime Full time employees HO RV A,320201,HO STAFF SALARY RV A,Regular,Expense,R.V Ardiya,8,9
32020110007,Salary casual & temporary HO RVB,320201,HO STAFF SALARY RVB,Regular,Expense,R V (REAL VEAL) BURGER,7,9
32030110006,Prov Leave salary Top,320301,TOP Mgt. SALARY ,Regular,Expense,R V (REAL VEAL) BURGER,7,9
32030110006,Prov Leave salary Top RV Q,320301,TOP Mgt. SALARY  RV Q,Regular,Expense,R.V Qurain,9,9
32040110501,Depreciation - Office Kitchen Equipments,320401,DEPRECIATION,Regular,Expense,R V (REAL VEAL) BURGER,7,9
41010110001,Revenue from Daily Sales RV A,410101,Revenue Daily Sales RV A,Regular,Income,R.V Ardiya,8,8
11010210102,Acc. Depreciation Kitchen Furniture RVB,100102,FURNITURE RVB,Regular,Asset,R V (REAL VEAL) BURGER,7,6
11010410001,Computers and Printers RVB,110104,COMPUTERS & PERIPHERALS RVB,Regular,Asset,R V (REAL VEAL) BURGER,7,6
11010410102,Acc. Depreciation Phones; Fax; Copiers RVB,110104,COMPUTERS & PERIPHERALS RVB,Regular,Asset,R V (REAL VEAL) BURGER,7,6
11010510001,office & Kitchen Equipments RVB,110105,EQUIPMENT RVB,Regular,Asset,R V (REAL VEAL) BURGER,7,6
11010510002,Other Equipments RVB,110105,EQUIPMENT RVB,Regular,Asset,R V (REAL VEAL) BURGER,7,6
11010510101,Acc. Depreciation office & Kitchen Equipments RVB,110105,EQUIPMENT RVB,Regular,Asset,R V (REAL VEAL) BURGER,7,6
11010510102,Acc. Depreciation Other Equipments RVB,110105,EQUIPMENT RVB,Regular,Asset,R V (REAL VEAL) BURGER,7,6
11020210001,Goodwill RVB,110202,GOODWILL RVB,Regular,Asset,R V (REAL VEAL) BURGER,7,6
11020210101,Amortisation Goodwill RVB,110202,GOODWILL RVB,Regular,Asset,R V (REAL VEAL) BURGER,7,6
12020110000,Cust. Receivable control RV Q,120201,Customer RECEIVABLE RV Q,Receivable,Receivable,R.V Qurain,9,2
12020110000,Cust. Receivable control RV A,120201,Customer RECEIVABLE RV A,Receivable,Receivable,R.V Ardiya,8,2
12020110000,Cust. Receivable control RVB,120201,Customer RECEIVABLE RVB,Regular,Receivable,R V (REAL VEAL) BURGER,7,2
12020210000,Empl. Rec. control RV Q,120202,EMPLOYEES RECIVABLES RV Q,Regular,Receivable,R.V Qurain,9,2
12020310001,Security deposit to detail RVB,120203,SECURITY DEPOSITS RVB,Regular,Asset,R V (REAL VEAL) BURGER,7,6
12020510001,Aja Holding,120205,RELATED PARTY ACCOUNT,Regular,Asset,R V (REAL VEAL) BURGER,7,6
12030110001,Stock Inventory R.V A,120301,Store RV A,Regular,Asset,R.V Ardiya,8,6
12030110001,Stock Inventory R.V Q,120301,Store RV Q,Regular,Asset,R.V Qurain,9,6
12040110001,Prepaid Rents RV A,120401,Prepaid Exp RV A,Regular,Asset,R.V Ardiya,8,6
12040110001,Prepaid Rents RVB,120401,Prepaid Exp RVB ,Regular,Asset,R V (REAL VEAL) BURGER,7,6
12040110001,Prepaid Rents RV Q,120401,Prepaid Exp RV Q,Regular,Asset,R.V Qurain,9,6
12040110003,Prepaid Telephone Internet,120401,Prepaid Exp RV Q,Regular,Asset,R.V Qurain,9,6
12040110003,Prepaid Telephone Internet RV A,120401,Prepaid Exp RV A,Regular,Asset,R.V Ardiya,8,6
12040110003,Prepaid Telephone Internet,120401,Prepaid Exp RVB ,Regular,Asset,R V (REAL VEAL) BURGER,7,6
12040110004,Prepaid Govt. Fees RV A,120401,Prepaid Exp RV A,Regular,Asset,R.V Ardiya,8,6
12040110004,Prepaid Govt. Fees,120401,Prepaid Exp RV Q,Regular,Asset,R.V Qurain,9,6
12040110004,Prepaid Govt. Fees,120401,Prepaid Exp RVB ,Regular,Asset,R V (REAL VEAL) BURGER,7,6
12040110005,Prepaid Talabat subscription RV A,120401,Prepaid Exp RV A,Regular,Asset,R.V Ardiya,8,6
12040110005,Prepaid Talabat subscription,120401,Prepaid Exp RV Q,Regular,Asset,R.V Qurain,9,6
12040110005,Prepaid Talabat subscription,120401,Prepaid Exp RVB ,Regular,Asset,R V (REAL VEAL) BURGER,7,6
12040110006,Prepaid Printing charges,120401,Prepaid Exp RV Q,Regular,Asset,R.V Qurain,9,6
12040110006,Prepaid Printing charges RV A,120401,Prepaid Exp RV A,Regular,Asset,R.V Ardiya,8,6
12040110006,Prepaid Printing charges,120401,Prepaid Exp RVB ,Regular,Asset,R V (REAL VEAL) BURGER,7,6
12040110007,Prepaid Advt. Marketting RV A,120401,Prepaid Exp RV A,Regular,Asset,R.V Ardiya,8,6
12040110007,Prepaid Advt. Marketting,120401,Prepaid Exp RV Q,Regular,Asset,R.V Qurain,9,6
12040110007,Prepaid Advt. Marketting,120401,Prepaid Exp RVB ,Regular,Asset,R V (REAL VEAL) BURGER,7,6
12040110008,Prepaid Service charges,120401,Prepaid Exp RVB ,Regular,Asset,R V (REAL VEAL) BURGER,7,6
12040110008,Prepaid Service charges RV A,120401,Prepaid Exp RV A,Regular,Asset,R.V Ardiya,8,6
12040110009,Prepaid Insurance charges,120401,Prepaid Exp RV Q,Regular,Asset,R.V Qurain,9,6
12040110009,Prepaid Insurance charges,120401,Prepaid Exp RVB ,Regular,Asset,R V (REAL VEAL) BURGER,7,6
12040110009,Prepaid Insurance charges RV A,120401,Prepaid Exp RV A,Regular,Asset,R.V Ardiya,8,6
12040110099,Prepaid Others,120401,Prepaid Exp RVB ,Regular,Asset,R V (REAL VEAL) BURGER,7,6
12040110099,Prepaid Others,120401,Prepaid Exp RV Q,Regular,Asset,R.V Qurain,9,6
12040110099,Prepaid Others RV A,120401,Prepaid Exp RV A,Regular,Asset,R.V Ardiya,8,6
12050110001,Pre Operating expenses,1205,PRE OPERATING EXPENSES RVB,Regular,Asset,R V (REAL VEAL) BURGER,7,6
13010110001,Dan Food Company RVB,1301,INTER COMPANY ACCOUNTS RVB,Regular,Asset,R V (REAL VEAL) BURGER,7,6
13010110002,Al Shamiya Company RVB,1301,INTER COMPANY ACCOUNTS RVB,Regular,Asset,R V (REAL VEAL) BURGER,7,6
13010110004,Satellite Kitchen RVB,1301,INTER COMPANY ACCOUNTS RVB,Regular,Asset,R V (REAL VEAL) BURGER,7,6
13010110005,Fuel Superfoods,1301,INTER COMPANY ACCOUNTS RVB,Regular,Asset,R V (REAL VEAL) BURGER,7,6
21010510001,Retained Earnings RVB,210105,RETAINED EARNINGS RVB,Regular,Equity,R V (REAL VEAL) BURGER,7,15
21010610001,P & L 2011,210106,P & L ACCOUNTS RVB,Regular,Equity,R V (REAL VEAL) BURGER,7,15
21010610002,P & L 2012,210106,P & L ACCOUNTS RVB,Regular,Equity,R V (REAL VEAL) BURGER,7,15
21010610003,P & L 2013,210106,P & L ACCOUNTS RVB,Regular,Equity,R V (REAL VEAL) BURGER,7,15
21010610004,P & L 2014,210106,P & L ACCOUNTS RVB,Regular,Equity,R V (REAL VEAL) BURGER,7,15
21010610005,P & L 2015,210106,P & L ACCOUNTS RVB,Regular,Equity,R V (REAL VEAL) BURGER,7,15
21010610006,P & L 2016,210106,P & L ACCOUNTS RVB,Regular,Equity,R V (REAL VEAL) BURGER,7,15
21010610099,P & L for the year,210106,P & L ACCOUNTS RVB,Regular,Equity,R V (REAL VEAL) BURGER,7,15
21020110000,Suppliers Control Account RVB,220101,TRADE & NON TRADE SUPPLIERS RVB,Regular,Payable,R V (REAL VEAL) BURGER,7,3
21020120000,Purchase Clearing account RVB,220101,TRADE & NON TRADE SUPPLIERS RVB,Regular,Payable,R V (REAL VEAL) BURGER,7,3
21030110001,Accrued Staff Salary Full time RV A,220301,ACCRUED STAFF SALARY PAYABLE RV A,Regular,Liability,R.V Ardiya,8,7
21030110001,Accrued Staff Salary Full time,220301,ACCRUED STAFF SALARY PAYABLE RVB,Regular,Liability,R V (REAL VEAL) BURGER,7,7
21030110001,Accrued Staff Salary Full time,220301,ACCRUED STAFF SALARY PAYABLE RV Q,Regular,Liability,R.V Qurain,9,7
21030210001,Accrued Locations Rent RV A,220302,ACCRUED RENT PAYABLE RV A,Regular,Liability,R.V Ardiya,8,7
21030210001,Accrued Locations Rent,220302,ACCRUED RENT PAYABLE RV Q,Regular,Liability,R.V Qurain,9,7
21030210001,Accrued Locations Rent,220302,ACCRUED RENT PAYABLE RVB,Regular,Liability,R V (REAL VEAL) BURGER,7,7
21030210002,Accrued Staff accomodation Rent,220302,ACCRUED RENT PAYABLE RVB,Regular,Liability,R V (REAL VEAL) BURGER,7,7
21030410001,Accrued Service charges,220304,ACCRUED SERVICE CHARGES  RV Q,Regular,Liability,R.V Qurain,9,7
21030410001,Accrued Service charges,220304,ACCRUED SERVICE CHARGES RVB,Regular,Liability,R V (REAL VEAL) BURGER,7,7
21030610001,Accrued Commission,220306,ACCRUED EXPENSE OTHERS RVB,Regular,Liability,R V (REAL VEAL) BURGER,7,7
23020110001,Staff Indemnity payable,230201,STAFF INDEMNITY PAYABLE RVB,Regular,Liability,R V (REAL VEAL) BURGER,7,7
23020110001,Staff Indemnity payable RV A,230201,STAFF INDEMNITY PAYABLE RV A,Regular,Liability,R.V Ardiya,8,7
31010110001,Cost of Goods sold RV A,310101,COST OF GOODS PROCESSED FOOD RV A,Regular,Expense,R.V Ardiya,8,9
31010110001,Cost of Goods sold RV Q,310101,COST OF GOODS PROCESSED FOOD RV Q,Regular,Expense,R.V Qurain,9,9
31010110002,Wastages RV A,310101,COST OF GOODS PROCESSED FOOD RV A,Regular,Expense,R.V Ardiya,8,9
31010110002,Wastages RV Q,310101,COST OF GOODS PROCESSED FOOD RV Q,Regular,Expense,R.V Qurain,9,9
31010110003,Other direct cost RV Q,310101,COST OF GOODS PROCESSED FOOD RV Q,Regular,Expense,R.V Qurain,9,9
31010110003,Other direct cost,31010,COST OF GOODS PROCESSED FOOD RVB,Regular,Expense,R V (REAL VEAL) BURGER,7,9
31010110003,Other direct cost RV A,310101,COST OF GOODS PROCESSED FOOD RV A,Regular,Expense,R.V Ardiya,8,9
32010110001,Basic Salary Full time employees RVB,320101,DIRECT STAFF SALARY RVB,Regular,Expense,R V (REAL VEAL) BURGER,7,9
32010110001,Basic Salary Full time employees RV A,320101,DIRECT STAFF SALARY RV A,Regular,Expense,R.V Ardiya,8,9
32010110001,Basic Salary Full time employees RV Q,320101,DIRECT STAFF SALARY RV Q,Regular,Expense,R.V Qurain,9,9
32010110002,Mobile Allowance employees RV A,320101,DIRECT STAFF SALARY RV A,Regular,Expense,R.V Ardiya,8,9
32010110002,Mobile Allowance employees RVB,320101,DIRECT STAFF SALARY RVB,Regular,Expense,R V (REAL VEAL) BURGER,7,9
32010110002,Mobile Allowance employees RV Q,320101,DIRECT STAFF SALARY RV Q,Regular,Expense,R.V Qurain,9,9
32010110003,Car Allowance employees RV A,320101,DIRECT STAFF SALARY RV A,Regular,Expense,R.V Ardiya,8,9
32010110003,Car Allowance employees RV Q,320101,DIRECT STAFF SALARY RV Q,Regular,Expense,R.V Qurain,9,9
32010110003,Car Allowance employees RVB,320101,DIRECT STAFF SALARY RVB,Regular,Expense,R V (REAL VEAL) BURGER,7,9
32010110004,Housing Allowance employees RV A,320101,DIRECT STAFF SALARY RV A,Regular,Expense,R.V Ardiya,8,9
32010110004,Housing Allowance employees RVB,320101,DIRECT STAFF SALARY RVB,Regular,Expense,R V (REAL VEAL) BURGER,7,9
32010110005,Other Allowance employees RV A,320101,DIRECT STAFF SALARY RV A,Regular,Expense,R.V Ardiya,8,9
32010110005,Other Allowance employees RVB,320101,DIRECT STAFF SALARY RVB,Regular,Expense,R V (REAL VEAL) BURGER,7,9
32010110005,Other Allowance employees RV Q,320101,DIRECT STAFF SALARY RV Q,Regular,Expense,R.V Qurain,9,9
32010110006,Overtime Full time employees RV A,320101,DIRECT STAFF SALARY RV A,Regular,Expense,R.V Ardiya,8,9
32010110006,Overtime Full time employees RVB,320101,DIRECT STAFF SALARY RVB,Regular,Expense,R V (REAL VEAL) BURGER,7,9
32010110007,Salary casual & temporary RV Q,320101,DIRECT STAFF SALARY RV Q,Regular,Expense,R.V Qurain,9,9
32010110007,Salary casual & temporary RV A,320101,DIRECT STAFF SALARY RV A,Regular,Expense,R.V Ardiya,8,9
32010110008,Leave salary provision RV A,320101,DIRECT STAFF SALARY RV A,Regular,Expense,R.V Ardiya,8,9
32010110008,Leave salary provision RV Q,320101,DIRECT STAFF SALARY RV Q,Regular,Expense,R.V Qurain,9,9
32010110009,Indemnity provision RVB,320101,DIRECT STAFF SALARY RVB,Regular,Expense,R V (REAL VEAL) BURGER,7,9
32010110009,Indemnity provision RV Q,320101,DIRECT STAFF SALARY RV Q,Regular,Expense,R.V Qurain,9,9
32010110009,Indemnity provision RV A,320101,DIRECT STAFF SALARY RV A,Regular,Expense,R.V Ardiya,8,9
32010210001,STAFF accomodation expenses RV Q,320102,DIRECT STAFF RELATED EXPENSES RV Q,Regular,Expense,R.V Qurain,9,9
32010210001,STAFF accomodation expenses RV A,320102,DIRECT STAFF RELATED EXPENSES RV A,Regular,Expense,R.V Ardiya,8,9
32010210001,STAFF accomodation expenses RVB,320102,DIRECT STAFF RELATED EXPENSES RVB,Regular,Expense,R V (REAL VEAL) BURGER,7,9
32010210002,Staff Uniforms RVB,320102,DIRECT STAFF RELATED EXPENSES RVB,Regular,Expense,R V (REAL VEAL) BURGER,7,9
32010210002,Staff Uniforms RV A,320102,DIRECT STAFF RELATED EXPENSES RV A,Regular,Expense,R.V Ardiya,8,9
32010210002,Staff Uniforms RV Q,320102,DIRECT STAFF RELATED EXPENSES RV Q,Regular,Expense,R.V Qurain,9,9
32010210003,Staff Visa / residency expenses RV Q,320102,DIRECT STAFF RELATED EXPENSES RV Q,Regular,Expense,R.V Qurain,9,9
32010210003,Staff Visa / residency expenses RV A,320102,DIRECT STAFF RELATED EXPENSES RV A,Regular,Expense,R.V Ardiya,8,9
32010210003,Staff Visa / residency expenses RVB,320102,DIRECT STAFF RELATED EXPENSES RVB,Regular,Expense,R V (REAL VEAL) BURGER,7,9
32010210004,Staff passage / tickets expenses RV Q,320102,DIRECT STAFF RELATED EXPENSES RV Q,Regular,Expense,R.V Qurain,9,9
32010210004,Staff passage / tickets expenses RV A,320102,DIRECT STAFF RELATED EXPENSES RV A,Regular,Expense,R.V Ardiya,8,9
32010210004,Staff passage / tickets expenses RVB,320102,DIRECT STAFF RELATED EXPENSES RVB,Regular,Expense,R V (REAL VEAL) BURGER,7,9
32010210005,Staff food expenses RV A,320102,DIRECT STAFF RELATED EXPENSES RV A,Regular,Expense,R.V Ardiya,8,9
32010210005,Staff food expenses RV Q,320102,DIRECT STAFF RELATED EXPENSES RV Q,Regular,Expense,R.V Qurain,9,9
32010210005,Staff food expenses RVB,320102,DIRECT STAFF RELATED EXPENSES RVB,Regular,Expense,R V (REAL VEAL) BURGER,7,9
32010210006,Staff recruitment expenses RVB,320102,DIRECT STAFF RELATED EXPENSES,Regular,Expense,R V (REAL VEAL) BURGER,7,9
32010210006,Staff recruitment expenses RV Q,320102,DIRECT STAFF RELATED EXPENSES RV Q,Regular,Expense,R.V Qurain,9,9
32010210007,Staff health & baladiya expenses RVB,320102,DIRECT STAFF RELATED EXPENSES RVB,Regular,Expense,R V (REAL VEAL) BURGER,7,9
32010210008,Staff welfare expenses RVB,320102,DIRECT STAFF RELATED EXPENSES RVB,Regular,Expense,R V (REAL VEAL) BURGER,7,9
32010210008,Staff welfare expenses RV A,320102,DIRECT STAFF RELATED EXPENSES RV A,Regular,Expense,R.V Ardiya,8,9
32010210009,Staff training expenses RV Q,320102,DIRECT STAFF RELATED EXPENSES RV Q,Regular,Expense,R.V Qurain,9,9
32010210009,Staff training expenses RV A,320102,DIRECT STAFF RELATED EXPENSES RV A,Regular,Expense,R.V Ardiya,8,9
32010310002,Rents - Stores RV A,320103,DIRECT RENT EXPENSES RV A,Regular,Expense,R.V Ardiya,8,9
32010310002,Rents - Stores RV Q,320103,DIRECT RENT EXPENSES RV Q,Regular,Expense,R.V Qurain,9,9
32010410001,Repairs n maint. Equipments RV Q,320104,DIRECT REPAIRS and MAINTENENCE RV Q,Regular,Expense,R.V Qurain,9,9
32010410001,Repairs n maint. Equipments RV A,320104,DIRECT REPAIRS and MAINTENENCE RV A,Regular,Expense,R.V Ardiya,8,9
32010410001,Repairs n maint. Equipments RVB,320104,DIRECT REPAIRS and MAINTENENCE RVB,Regular,Expense,R V (REAL VEAL) BURGER,7,9
32010410002,Repairs n maint. Vehicles RV A,320104,DIRECT REPAIRS and MAINTENENCE RV A,Regular,Expense,R.V Ardiya,8,9
32010410002,Repairs n maint. Vehicles RVB,320104,DIRECT REPAIRS and MAINTENENCE RVB,Regular,Expense,R V (REAL VEAL) BURGER,7,9
32010410002,Repairs n maint. Vehicles RV Q,320104,DIRECT REPAIRS and MAINTENENCE RV Q,Regular,Expense,R.V Qurain,9,9
32010410003,Repairs n maint. Decore RV Q,320104,DIRECT REPAIRS and MAINTENENCE RV Q,Regular,Expense,R.V Qurain,9,9
32010410003,Repairs n maint. Decore RV A,320104,DIRECT REPAIRS and MAINTENENCE RV A,Regular,Expense,R.V Ardiya,8,9
32010410003,Repairs n maint. Decore RVB,320104,DIRECT REPAIRS and MAINTENENCE RVB,Regular,Expense,R V (REAL VEAL) BURGER,7,9
32010410004,Repairs n maint. - Fuel vehicles RV Q,320104,DIRECT REPAIRS and MAINTENENCE RV Q,Regular,Expense,R.V Qurain,9,9
32010410004,Repairs n maint. - Fuel vehicles RV A,320104,DIRECT REPAIRS and MAINTENENCE RV A,Regular,Expense,R.V Ardiya,8,9
32010410005,Repairs n maint. - IT related RV Q,320104,DIRECT REPAIRS and MAINTENENCE RV Q,Regular,Expense,R.V Qurain,9,9
32010410005,Repairs n maint. - IT related RVB,320104,DIRECT REPAIRS and MAINTENENCE RVB,Regular,Expense,R V (REAL VEAL) BURGER,7,9
32010410009,Repairs n maint. - Others RVB,320104,DIRECT REPAIRS and MAINTENENCE RVB,Regular,Expense,R V (REAL VEAL) BURGER,7,9
32010410009,Repairs n maint. - Others RV A,320104,DIRECT REPAIRS and MAINTENENCE RV A,Regular,Expense,R.V Ardiya,8,9
32010510001,Telephone communications RVB,320105,OTHER DIRECT EXPENSES RVB,Regular,Expense,R V (REAL VEAL) BURGER,7,9
32010510001,Telephone communications RV Q,320105,OTHER DIRECT EXPENSES RV Q,Regular,Expense,R.V Qurain,9,9
32010510002,Internet Data link RVB,320105,OTHER DIRECT EXPENSES RVB,Regular,Expense,R V (REAL VEAL) BURGER,7,9
32010510002,Internet Data link RV A,320105,OTHER DIRECT EXPENSES RV A,Regular,Expense,R.V Ardiya,8,9
32010510002,Internet Data link RV Q,320105,OTHER DIRECT EXPENSES RV Q,Regular,Expense,R.V Qurain,9,9
32010510003,Courrier charges RVB,320105,OTHER DIRECT EXPENSES RVB,Regular,Expense,R V (REAL VEAL) BURGER,7,9
32010510003,Courrier charges RV A,320105,OTHER DIRECT EXPENSES RV A,Regular,Expense,R.V Ardiya,8,9
32010510003,Courrier charges RV Q,320105,OTHER DIRECT EXPENSES RV Q,Regular,Expense,R.V Qurain,9,9
32010510004,Transportation expenses RVB,320105,OTHER DIRECT EXPENSES RVB,Regular,Expense,R V (REAL VEAL) BURGER,7,9
32010510004,Transportation expenses RV Q,320105,OTHER DIRECT EXPENSES RV Q,Regular,Expense,R.V Qurain,9,9
32010510004,Transportation expenses RV A,320105,OTHER DIRECT EXPENSES RV A,Regular,Expense,R.V Ardiya,8,9
32010510005,Govt. fees RV Q,320105,OTHER DIRECT EXPENSES RV Q,Regular,Expense,R.V Qurain,9,9
32010510005,Govt. fees RV A,320105,OTHER DIRECT EXPENSES RV A,Regular,Expense,R.V Ardiya,8,9
32010510005,Govt. fees RVB,320105,OTHER DIRECT EXPENSES RVB,Regular,Expense,R V (REAL VEAL) BURGER,7,9
32010510006,Penalties RV Q,320105,OTHER DIRECT EXPENSES RV Q,Regular,Expense,R.V Qurain,9,9
32010510006,Penalties RV A,320105,OTHER DIRECT EXPENSES RV A,Regular,Expense,R.V Ardiya,8,9
32010510006,Penalties RVB,320105,OTHER DIRECT EXPENSES RVB,Regular,Expense,R V (REAL VEAL) BURGER,7,9
32010510007,Vehicle car rentals RVB,320105,OTHER DIRECT EXPENSES RVB,Regular,Expense,R V (REAL VEAL) BURGER,7,9
32010510007,Vehicle car rentals RV A,320105,OTHER DIRECT EXPENSES RV A,Regular,Expense,R.V Ardiya,8,9
32010510007,Vehicle car rentals RV Q,320105,OTHER DIRECT EXPENSES RV Q,Regular,Expense,R.V Qurain,9,9
32010510008,Delivery cos charges RV A,320105,OTHER DIRECT EXPENSES RV A,Regular,Expense,R.V Ardiya,8,9
32010510008,Delivery cos charges RV Q,320105,OTHER DIRECT EXPENSES RV Q,Regular,Expense,R.V Qurain,9,9
32010510009,Pest control RVB,320105,OTHER DIRECT EXPENSES RVB,Regular,Expense,R V (REAL VEAL) BURGER,7,9
32010510009,Pest control RV Q,320105,OTHER DIRECT EXPENSES RV Q,Regular,Expense,R.V Qurain,9,9
32010510009,Pest control RV A,320105,OTHER DIRECT EXPENSES RV A,Regular,Expense,R.V Ardiya,8,9
32010510010,Cleaning expenses RV A,320105,OTHER DIRECT EXPENSES RV A,Regular,Expense,R.V Ardiya,8,9
32010510010,Cleaning expenses RVB,320105,OTHER DIRECT EXPENSES RVB,Regular,Expense,R V (REAL VEAL) BURGER,7,9
32010510010,Cleaning expenses RV Q,320105,OTHER DIRECT EXPENSES RV Q,Regular,Expense,R.V Qurain,9,9
32010510011,Security collection expenses RV Q,320105,OTHER DIRECT EXPENSES RV Q,Regular,Expense,R.V Qurain,9,9
32010510012,Talabat charges RVB,320105,OTHER DIRECT EXPENSES RVB,Regular,Expense,R V (REAL VEAL) BURGER,7,9
32010510012,Talabat charges RV Q,320105,OTHER DIRECT EXPENSES RV Q,Regular,Expense,R.V Qurain,9,9
32010510012,Talabat charges RV A,320105,OTHER DIRECT EXPENSES RV A,Regular,Expense,R.V Ardiya,8,9
32010510013,Staff Training expenses RV A,320105,OTHER DIRECT EXPENSES RV A,Regular,Expense,R.V Ardiya,8,9
32010510013,Staff Training expenses RV Q,320105,OTHER DIRECT EXPENSES RV Q,Regular,Expense,R.V Qurain,9,9
32010510013,Staff Training expenses RVB,320105,OTHER DIRECT EXPENSES RVB,Regular,Expense,R V (REAL VEAL) BURGER,7,9
32010510014,Lab testing charges RVB,320105,OTHER DIRECT EXPENSES RVB,Regular,Expense,R V (REAL VEAL) BURGER,7,9
32010510014,Lab testing charges RV Q,320105,OTHER DIRECT EXPENSES RV Q,Regular,Expense,R.V Qurain,9,9
32010510014,Lab testing charges RV A,320105,OTHER DIRECT EXPENSES RV A,Regular,Expense,R.V Ardiya,8,9
32010510016,Service charges RVB,320105,OTHER DIRECT EXPENSES RVB,Regular,Expense,R V (REAL VEAL) BURGER,7,9
32010510017,Tender charges RV Q,320105,OTHER DIRECT EXPENSES RV Q,Regular,Expense,R.V Qurain,9,9
32010510017,Tender charges RVB,320105,OTHER DIRECT EXPENSES RVB,Regular,Expense,R V (REAL VEAL) BURGER,7,9
32010510017,Tender charges RV A,320105,OTHER DIRECT EXPENSES RV A,Regular,Expense,R.V Ardiya,8,9
32010510018,Misc. kitchen tools RVB,320105,OTHER DIRECT EXPENSES RVB,Regular,Expense,R V (REAL VEAL) BURGER,7,9
32010510018,Misc. kitchen tools RV Q,320105,OTHER DIRECT EXPENSES RV Q,Regular,Expense,R.V Qurain,9,9
32010510019,Electricity charges RVB,320105,OTHER DIRECT EXPENSES RVB,Regular,Expense,R V (REAL VEAL) BURGER,7,9
32010510019,Electricity charges RV Q,320105,OTHER DIRECT EXPENSES RV Q,Regular,Expense,R.V Qurain,9,9
32010510019,Electricity charges RV A,320105,OTHER DIRECT EXPENSES RV A,Regular,Expense,R.V Ardiya,8,9
32010510020,Water charges RVB,320105,OTHER DIRECT EXPENSES RVB,Regular,Expense,R V (REAL VEAL) BURGER,7,9
32010510020,Water charges RV A,320105,OTHER DIRECT EXPENSES RV A,Regular,Expense,R.V Ardiya,8,9
32010510020,Water charges RV Q,320105,OTHER DIRECT EXPENSES RV Q,Regular,Expense,R.V Qurain,9,9
32010510021,Donation n Charity RV Q,320105,OTHER DIRECT EXPENSES RV Q,Regular,Expense,R.V Qurain,9,9
32010510098,Excess Shortage store RV A,320105,OTHER DIRECT EXPENSES RV A,Regular,Expense,R.V Ardiya,8,9
32010510098,Excess Shortage store RVB,320105,OTHER DIRECT EXPENSES RVB,Regular,Expense,R V (REAL VEAL) BURGER,7,9
32010510098,Excess Shortage store RV Q,320105,OTHER DIRECT EXPENSES RV Q,Regular,Expense,R.V Qurain,9,9
32010510099,Misc. expenses others RVB,320105,OTHER DIRECT EXPENSES RVB,Regular,Expense,R V (REAL VEAL) BURGER,7,9
32010510099,Misc. expenses others RV Q,320105,OTHER DIRECT EXPENSES RV Q,Regular,Expense,R.V Qurain,9,9
32010510099,Misc. expenses others RV A,320105,OTHER DIRECT EXPENSES RV A,Regular,Expense,R.V Ardiya,8,9
32010610001,Sales promotion expenses RV Q,320106,MARKETTING SALES PROMOTION RV Q,Regular,Expense,R.V Qurain,9,9
32010610001,Sales promotion expenses RV A,320106,MARKETTING SALES PROMOTION RV A,Regular,Expense,R.V Ardiya,8,9
32010610001,Sales promotion expenses RVB,320106,MARKETTING SALES PROMOTION RVB,Regular,Expense,R V (REAL VEAL) BURGER,7,9
32010610002,Product testing tasting free items RVB,320106,MARKETTING SALES PROMOTION RVB,Regular,Expense,R V (REAL VEAL) BURGER,7,9
32010610002,Product testing tasting free items RV A,320106,MARKETTING SALES PROMOTION RV A,Regular,Expense,R.V Ardiya,8,9
32010610003,Advertisements RVB,320106,MARKETTING SALES PROMOTION RVB,Regular,Expense,R V (REAL VEAL) BURGER,7,9
32010610003,Advertisements RV A,320106,MARKETTING SALES PROMOTION RV A,Regular,Expense,R.V Ardiya,8,9
32010610004,Exhibition RVB,320106,MARKETTING SALES PROMOTION RVB,Regular,Expense,R V (REAL VEAL) BURGER,7,9
32010610004,Exhibition RV Q,320106,MARKETTING SALES PROMOTION RV Q,Regular,Expense,R.V Qurain,9,9
32010610004,Exhibition RV A,320106,MARKETTING SALES PROMOTION RV A,Regular,Expense,R.V Ardiya,8,9
32010610009,Business development direct charges RV A,320106,MARKETTING SALES PROMOTION RV A,Regular,Expense,R.V Ardiya,8,9
32010610009,Business development direct charges RV Q,320106,MARKETTING SALES PROMOTION RV Q,Regular,Expense,R.V Qurain,9,9
32010610009,Business development direct charges RVB,320106,MARKETTING SALES PROMOTION RVB,Regular,Expense,R V (REAL VEAL) BURGER,7,9
32020110001,Basic Salary Full time employees HO RV Q,320201,HO STAFF SALARY RV Q,Regular,Expense,R.V Qurain,9,9
320201100011,HO Allocated salaries RV Q,320201,HO STAFF SALARY RV Q,Regular,Expense,R.V Qurain,9,9
32020110002,Mobile Allowance employees HO RVB,320201,HO STAFF SALARY RVB,Regular,Expense,R V (REAL VEAL) BURGER,7,9
32020110002,Mobile Allowance employees HO RV A,320201,HO STAFF SALARY RV A,Regular,Expense,R.V Ardiya,8,9
32020110002,Mobile Allowance employees HO RV Q,320201,HO STAFF SALARY RV Q,Regular,Expense,R.V Qurain,9,9
32020110003,Car Allowance employees HO RVB,320201,HO STAFF SALARY RVB,Regular,Expense,R V (REAL VEAL) BURGER,7,9
32020110003,Car Allowance employees HO RV Q,320201,HO STAFF SALARY RV Q,Regular,Expense,R.V Qurain,9,9
32020110003,Car Allowance employees HO RV A,320201,HO STAFF SALARY RV A,Regular,Expense,R.V Ardiya,8,9
32020110004,Housing Allowance employees HO RV A,320201,HO STAFF SALARY RV A,Regular,Expense,R.V Ardiya,8,9
32020110004,Housing Allowance employees HO RV Q,320201,HO STAFF SALARY RV Q,Regular,Expense,R.V Qurain,9,9
32020110004,Housing Allowance employees HO RVB,320201,HO STAFF SALARY RVB,Regular,Expense,R V (REAL VEAL) BURGER,7,9
32020110005,Other Allowance employees HO RV A,320201,HO STAFF SALARY RV A,Regular,Expense,R.V Ardiya,8,9
32020110005,Other Allowance employees HO RV Q,320201,HO STAFF SALARY RV Q,Regular,Expense,R.V Qurain,9,9
32020110005,Other Allowance employees HO RVB,320201,HO STAFF SALARY RVB,Regular,Expense,R V (REAL VEAL) BURGER,7,9
32020110006,Overtime Full time employees HO RV Q,320201,HO STAFF SALARY RV Q,Regular,Expense,R.V Qurain,9,9
32020110006,Overtime Full time employees HO RVB,320201,HO STAFF SALARY RVB,Regular,Expense,R V (REAL VEAL) BURGER,7,9
32020110007,Salary casual & temporary HO RV A,320201,HO STAFF SALARY RV A,Regular,Expense,R.V Ardiya,8,9
32020110007,Salary casual & temporary HO RV Q,320201,HO STAFF SALARY RV Q,Regular,Expense,R.V Qurain,9,9
32020110008,Leave salary expenses HO RV Q,320201,HO STAFF SALARY RV Q,Regular,Expense,R.V Qurain,9,9
32020110008,Leave salary expenses HO RVB,320201,HO STAFF SALARY RVB,Regular,Expense,R V (REAL VEAL) BURGER,7,9
32020110008,Leave salary expenses HO RV A,320201,HO STAFF SALARY RV A,Regular,Expense,R.V Ardiya,8,9
32020110009,Indemnity expenses HO RV A,320201,HO STAFF SALARY RV A,Regular,Expense,R.V Ardiya,8,9
32020110009,Indemnity expenses HO RVB,320201,HO STAFF SALARY RVB,Regular,Expense,R V (REAL VEAL) BURGER,7,9
32020110009,Indemnity expenses HO RV Q,320201,HO STAFF SALARY RV Q,Regular,Expense,R.V Qurain,9,9
320230210002,Bank Charges RV A,320202,HO EXPENSES RV A,Regular,Expense,R.V Ardiya,8,9
320230210003,K Net / POS charges,320202,HO EXPENSES ,Regular,Expense,R V (REAL VEAL) BURGER,7,9
320230210004,Currency Gain / Loss RV A,320202,HO EXPENSES RV A,Regular,Expense,R.V Ardiya,8,9
32030110001,Basic Salary Full time employees Top RV A,320301,TOP Mgt. SALARY  RV A,Regular,Expense,R.V Ardiya,8,9
32030110001,Basic Salary Full time employees Top,320301,TOP Mgt. SALARY ,Regular,Expense,R V (REAL VEAL) BURGER,7,9
32030110001,Basic Salary Full time employees Top RV Q,320301,TOP Mgt. SALARY  RV Q,Regular,Expense,R.V Qurain,9,9
320301100010,Top management allocated salaries,320301,TOP Mgt. SALARY ,Regular,Expense,R V (REAL VEAL) BURGER,7,9
32030110002,Mobile Allowance employees Top,320301,TOP Mgt. SALARY ,Regular,Expense,R V (REAL VEAL) BURGER,7,9
32030110002,Mobile Allowance employees Top RV A,320301,TOP Mgt. SALARY  RV A,Regular,Expense,R.V Ardiya,8,9
32030110002,Mobile Allowance employees Top RV Q,320301,TOP Mgt. SALARY  RV Q,Regular,Expense,R.V Qurain,9,9
32030110003,Car Allowance employees Top RV A,320301,TOP Mgt. SALARY  RV A,Regular,Expense,R.V Ardiya,8,9
32030110003,Car Allowance employees Top RV Q,320301,TOP Mgt. SALARY  RV Q,Regular,Expense,R.V Qurain,9,9
32030110003,Car Allowance employees Top,320301,TOP Mgt. SALARY ,Regular,Expense,R V (REAL VEAL) BURGER,7,9
32030110004,Housing Allowance employees Top,320301,TOP Mgt. SALARY ,Regular,Expense,R V (REAL VEAL) BURGER,7,9
32030110004,Housing Allowance employees Top RV A,320301,TOP Mgt. SALARY  RV A,Regular,Expense,R.V Ardiya,8,9
32030110004,Housing Allowance employees Top RV Q,320301,TOP Mgt. SALARY  RV Q,Regular,Expense,R.V Qurain,9,9
32030110005,Other Allowance employees Top RV Q,320301,TOP Mgt. SALARY  RV Q,Regular,Expense,R.V Qurain,9,9
32030110005,Other Allowance employees Top,320301,TOP Mgt. SALARY ,Regular,Expense,R V (REAL VEAL) BURGER,7,9
32030110005,Other Allowance employees Top RV A,320301,TOP Mgt. SALARY  RV A,Regular,Expense,R.V Ardiya,8,9
32030110006,Prov Leave salary Top RV A,320301,TOP Mgt. SALARY  RV A,Regular,Expense,R.V Ardiya,8,9
32040110101,Depreciation - Fixtures,320401,DEPRECIATION,Regular,Expense,R V (REAL VEAL) BURGER,7,9
32040110102,Depreciation - Establishments,320401,DEPRECIATION,Regular,Expense,R V (REAL VEAL) BURGER,7,9
32040110201,Depreciation - Office Furniture,320401,DEPRECIATION,Regular,Expense,R V (REAL VEAL) BURGER,7,9
32040110202,Depreciation - Kitchen Furniture,320401,DEPRECIATION,Regular,Expense,R V (REAL VEAL) BURGER,7,9
32040110301,Depreciation - Decoration ,320401,DEPRECIATION,Regular,Expense,R V (REAL VEAL) BURGER,7,9
32040110401,Depreciation - Computer & Printers,320401,DEPRECIATION,Regular,Expense,R V (REAL VEAL) BURGER,7,9
32040110402,Depreciation - Phones Fax Copiers,320401,DEPRECIATION,Regular,Expense,R V (REAL VEAL) BURGER,7,9
32040110502,Depreciation - Other Equipments,320401,DEPRECIATION,Regular,Expense,R V (REAL VEAL) BURGER,7,9
32040210101,Amortisation Key money,320402,AMORTISATION,Regular,Expense,R V (REAL VEAL) BURGER,7,9
32040210201,Amortisation Goodwill,320402,AMORTISATION,Regular,Expense,R V (REAL VEAL) BURGER,7,9
32040210301,Amortisation Softwares,320402,AMORTISATION,Regular,Expense,R V (REAL VEAL) BURGER,7,9
41010110001,Revenue from Daily Sales RVB,410101,Revenue Daily Sales RVB,Regular,Income,R V (REAL VEAL) BURGER,7,8
41010110001,Revenue from Daily Sales RV Q,410101,Revenue Daily Sales RV Q,Regular,Income,R.V Qurain,9,8
42010110001,Commission Income RVB,420101,COMMISSION INCOME RVB,Regular,Income,R V (REAL VEAL) BURGER,7,8
42010110001,Commission Income RV Q,420101,COMMISSION INCOME RV Q,Regular,Income,R.V Qurain,9,8
42010110001,Commission Income RV A,420101,COMMISSION INCOME RV A,Regular,Income,R.V Ardiya,8,8
12020210000,Empl. Rec. control RV A,120202,EMPLOYEES RECIVABLES RV A,Regular,Receivable,R.V Ardiya,8,2
12020210000,Empl. Rec. control RVB,120202,EMPLOYEES RECIVABLES RVB,Regular,Receivable,R V (REAL VEAL) BURGER,7,2
320201100011,HO Allocated salaries RVB,320201,HO STAFF SALARY RVB,Regular,Expense,R V (REAL VEAL) BURGER,7,9
320201100011,HO Allocated salaries RV A,320201,HO STAFF SALARY RV A,Regular,Expense,R.V Ardiya,8,9
3202302100010,HO Allocated expenses RV A,320202,HO EXPENSES RV A,Regular,Expense,R.V Ardiya,8,9
320230210002,Bank Charges RV Q,320202,HO EXPENSES RV Q,Regular,Expense,R.V Qurain,9,9
320230210002,Bank Charges RVB,320202,HO EXPENSES RVB,Regular,Expense,R V (REAL VEAL) BURGER,7,9
320230210003,K Net / POS charges RV A,320202,HO EXPENSES RV A,Regular,Expense,R.V Ardiya,8,9
320230210003,K Net / POS charges RV Q,320202,HO EXPENSES RV Q,Regular,Expense,R.V Qurain,9,9
320230210004,Currency Gain / Loss RV Q,320202,HO EXPENSES RV Q,Regular,Expense,R.V Qurain,9,9
320230210004,Currency Gain / Loss,320202,HO EXPENSES ,Regular,Expense,R V (REAL VEAL) BURGER,7,9
320230210005,Legal expenses RV A,320202,HO EXPENSES RV A,Regular,Expense,R.V Ardiya,8,9
320230210005,Legal expenses RV Q,320202,HO EXPENSES RV Q,Regular,Expense,R.V Qurain,9,9
320230210005,Legal expenses,320202,HO EXPENSES ,Regular,Expense,R V (REAL VEAL) BURGER,7,9
320230210006,Audit expenses RV A,320202,HO EXPENSES RV A,Regular,Expense,R.V Ardiya,8,9
320230210006,Audit expenses,320202,HO EXPENSES ,Regular,Expense,R V (REAL VEAL) BURGER,7,9
320230210006,Audit expenses RV Q,320202,HO EXPENSES RV Q,Regular,Expense,R.V Qurain,9,9
320230210009,Insurance expenses RV A,320202,HO EXPENSES RV A,Regular,Expense,R.V Ardiya,8,9
320230210009,Insurance expenses,320202,HO EXPENSES ,Regular,Expense,R V (REAL VEAL) BURGER,7,9
320230210009,Insurance expenses RV Q,320202,HO EXPENSES RV Q,Regular,Expense,R.V Qurain,9,9
320301100010,Top management allocated salaries RV A,320301,TOP Mgt. SALARY  RV A,Regular,Expense,R.V Ardiya,8,9
3202302100010,HO Allocated expenses RV Q,320202,HO EXPENSES RV Q,Regular,Expense,R.V Qurain,9,9
3202302100010,HO Allocated expenses RVB,320202,HO EXPENSES RVB,Regular,Expense,R V (REAL VEAL) BURGER,7,9
