account_code,account_name,parent_code,parent_name,internal_type,account_type,company_name
"""3""",EXPENSES[RVA],2,PROFIT AND LOSS[RVA],view,Expense View,RVA
"""4""",REVENUE[RVA],2,PROFIT AND LOSS[RVA],view,Income View,RVA
"""3""",EXPENSES[RVB],2,PROFIT AND LOSS[RVB],view,Expense View,RVB
"""4""",REVENUE[RVB],2,PROFIT AND LOSS[RVB],view,Income View,RVB
"""3""",EXPENSES[RVQ],2,PROFIT AND LOSS[RVQ],view,Expense View,RVQ
"""4""",REVENUE[RVQ],2,PROFIT AND LOSS[RVQ],view,Income View,RVQ
"""21""",OWNER EQUITY[RVA],1,BALANCE SHEET[RVA],view,Equity,RVA
"""22""",CURRENT LIABILITES[RVA],1,BALANCE SHEET[RVA],view,Liability View,RVA
"""23""",NON CURRENT LIABILITES[RVA],1,BALANCE SHEET[RVA],view,Liability View,RVA
"""31""",FOOD COST EXPENSES[RVA],3,EXPENSES[RVA],view,Expense View,RVA
"""32""",OPERATION DIRECT EXPENSES[RVA],3,EXPENSES[RVA],view,Expense View,RVA
"""41""",REVENUE OPERATIONS[RVA],4,REVENUE[RVA],view,Income View,RVA
"""42""",REVENUE OTHERS[RVA],4,REVENUE[RVA],view,Income View,RVA
"""11""",FIXED ASSETS[RVB],1,BALANCE SHEET[RVB],view,Asset View,RVB
"""12""",CURRENT ASSETS[RVB],1,BALANCE SHEET[RVB],view,Asset View,RVB
"""13""",INVESTMENTS[RVB],1,BALANCE SHEET[RVB],view,Asset View,RVB
"""21""",OWNER EQUITY[RVB],1,BALANCE SHEET[RVB],view,Equity,RVB
"""22""",CURRENT LIABILITES[RVB],1,BALANCE SHEET[RVB],view,Liability View,RVB
"""23""",NON CURRENT LIABILITES[RVB],1,BALANCE SHEET[RVB],view,Liability View,RVB
"""31""",FOOD COST EXPENSES[RVB],3,EXPENSES[RVB],view,Expense View,RVB
"""32""",OPERATION DIRECT EXPENSES[RVB],3,EXPENSES[RVB],view,Expense View,RVB
"""41""",REVENUE OPERATIONS[RVB],4,REVENUE[RVB],view,Income View,RVB
"""42""",REVENUE OTHERS[RVB],4,REVENUE[RVB],view,Income View,RVB
"""11""",FIXED ASSETS[RVQ],1,BALANCE SHEET[RVQ],view,Asset View,RVQ
"""12""",CURRENT ASSETS[RVQ],1,BALANCE SHEET[RVQ],view,Asset View,RVQ
"""21""",OWNER EQUITY[RVQ],1,BALANCE SHEET[RVQ],view,Equity,RVQ
"""23""",NON CURRENT LIABILITES[RVQ],1,BALANCE SHEET[RVQ],view,Liability View,RVQ
"""22""",CURRENT LIABILITES[RVQ],2,BALANCE SHEET[RVQ],view,Liability View,RVQ
"""31""",FOOD COST EXPENSES[RVQ],3,EXPENSES[RVQ],view,Expense View,RVQ
"""32""",OPERATION DIRECT EXPENSES[RVQ],3,EXPENSES[RVQ],view,Expense View,RVQ
"""41""",REVENUE OPERATIONS[RVQ],4,REVENUE[RVQ],view,Income View,RVQ
"""42""",REVENUE OTHERS[RVQ],4,REVENUE[RVQ],view,Income View,RVQ
"""130""",CREDITORS[RVB],13,INVESTMENTS[RVB],view,Liability View,RVB
"""1101""",TANGIBLE ASSETS[RVA],11,Fixed Assets[RVA],view,Asset View,RVA
"""1102""",IN TANGIBLE ASSETS[RVA],11,Fixed Assets[RVA],view,Asset View,RVA
"""1201""",CASH & BANKS[RVA],12,CURRENT ASSETS[RVA],view,Asset View,RVA
"""1202""",ACCOUNTS RECEIVABLE[RVA],12,CURRENT ASSETS[RVA],view,Receivable,RVA
"""1203""",INVENTORY[RVA],12,CURRENT ASSETS[RVA],view,Asset View,RVA
"""1204""",PREPAID EXPENSES[RVA],12,CURRENT ASSETS[RVA],view,Asset View,RVA
"""2201""",SUPPLIER PAYABLE[RVA],22,CURRENT LIABILITES[RVA],view,Liability View,RVA
"""2202""",EMPLOYEES PAYABLE[RVA],22,CURRENT LIABILITES[RVA],view,Liability View,RVA
"""2203""",ACCRUED PAYABLE[RVA],22,CURRENT LIABILITES[RVA],view,Liability View,RVA
"""2302""",STAFF INDEMNITY[RVA],23,NON CURRENT LIABILITES[RVA],view,Liability View,RVA
"""3101""",COST OF GOODS SOLD[RVA],31,FOOD COST EXPENSES[RVA],view,Expense View,RVA
"""3201""",OPERATION EXPENSES LEVEL 1[RVA],32,OPERATION DIRECT EXPENSES[RVA],view,Expense View,RVA
"""3202""",ADMINISTRATION EXPENSES LEVEL 2[RVA],32,OPERATION DIRECT EXPENSES[RVA],view,Expense View,RVA
"""3203""",TOP MANAGEMENT EXPENSES LEVEL 3[RVA],32,OPERATION DIRECT EXPENSES[RVA],view,Expense View,RVA
"""4101""",REVENUE SALES[RVA],41,REVENUE OPERATIONS[RVA],view,Income View,RVA
"""4201""",REVENUE COMMISSION[RVA],42,REVENUE OTHERS[RVA],view,Income View,RVA
"""4202""",REVENUE SALE OF ASSETS[RVA],42,REVENUE OTHERS[RVA],view,Income View,RVA
"""4209""",OTHER MISCELLANEOUS INCOME[RVA],42,REVENUE OTHERS[RVA],view,Income View,RVA
"""1101""",TANGIBLE ASSETS[RVB],11,FIXED ASSETS[RVB],view,Asset View,RVB
"""1102""",IN TANGIBLE ASSETS[RVB],11,FIXED ASSETS[RVB],view,Asset View,RVB
"""1201""",CASH & BANKS[RVB],12,CURRENT ASSETS[RVB],view,Asset View,RVB
"""1202""",ACCOUNTS RECEIVABLE[RVB],12,CURRENT ASSETS[RVB],view,Receivable,RVB
"""1203""",INVENTORY[RVB],12,CURRENT ASSETS[RVB],view,Asset View,RVB
"""1204""",PREPAID EXPENSES[RVB],12,CURRENT ASSETS[RVB],view,Asset View,RVB
"""1205""",PRE OPERATING EXPENSES[RVB],12,CURRENT ASSETS[RVB],view,Asset View,RVB
"""1301""",INTER COMPANY ACCOUNTS[RVB],13,INVESTMENTS[RVB],view,Asset View,RVB
"""2101""",OWNERS SHARE[RVB],21,OWNER EQUITY[RVB],view,Equity,RVB
"""2201""",SUPPLIER PAYABLE[RVB],22,CURRENT LIABILITES[RVB],view,Liability View,RVB
"""2202""",EMPLOYEES PAYABLE[RVB],22,CURRENT LIABILITES[RVB],view,Liability View,RVB
"""2203""",ACCRUED PAYABLE[RVB],22,CURRENT LIABILITES[RVB],view,Liability View,RVB
"""2302""",STAFF INDEMNITY[RVB],23,NON CURRENT LIABILITES[RVB],view,Liability View,RVB
"""3101""",COST OF GOODS SOLD[RVB],31,FOOD COST EXPENSES[RVB],view,Expense View,RVB
"""3201""",OPERATION EXPENSES LEVEL 1[RVB],32,OPERATION DIRECT EXPENSES[RVB],view,Expense View,RVB
"""3202""",ADMINISTRATION EXPENSES LEVEL 2[RVB],32,OPERATION DIRECT EXPENSES[RVB],view,Expense View,RVB
"""3203""",TOP MANAGEMENT EXPENSES LEVEL 3[RVB],32,OPERATION DIRECT EXPENSES[RVB],view,Expense View,RVB
"""3204""",DEPRECIATION AND AMMORTISATION LEVEL 4[RVB],32,OPERATION DIRECT EXPENSES[RVB],view,Expense View,RVB
"""4101""",REVENUE SALES[RVB],41,REVENUE OPERATIONS[RVB],view,Income View,RVB
"""4201""",REVENUE COMMISSION[RVB],42,REVENUE OTHERS[RVB],view,Income View,RVB
"""4202""",REVENUE SALE OF ASSETS[RVB],42,REVENUE OTHERS[RVB],view,Income View,RVB
"""4209""",OTHER MISCELLANEOUS INCOME[RVB],42,REVENUE OTHERS[RVB],view,Income View,RVB
"""1101""",TANGIBLE ASSETS[RVQ],11,FIXED ASSETS[RVQ],view,Asset View,RVQ
"""1102""",IN TANGIBLE ASSETS[RVQ],11,FIXED ASSETS[RVQ],view,Asset View,RVQ
"""1201""",CASH & BANKS[RVQ],12,CURRENT ASSETS[RVQ],view,Asset View,RVQ
"""1202""",ACCOUNTS RECEIVABLE[RVQ],12,CURRENT ASSETS[RVQ],view,Receivable,RVQ
"""1203""",INVENTORY[RVQ],12,CURRENT ASSETS[RVQ],view,Asset View,RVQ
"""1204""",PREPAID EXPENSES[RVQ],12,CURRENT ASSETS[RVQ],view,Asset View,RVQ
"""2201""",SUPPLIER PAYABLE[RVQ],22,CURRENT LIABILITES[RVQ],view,Liability View,RVQ
"""2202""",EMPLOYEES PAYABLE[RVQ],22,CURRENT LIABILITES[RVQ],view,Liability View,RVQ
"""2203""",ACCRUED PAYABLE[RVQ],22,CURRENT LIABILITES[RVQ],view,Liability View,RVQ
"""2302""",STAFF INDEMNITY[RVQ],23,NON CURRENT LIABILITES[RVQ],view,Liability View,RVQ
"""3101""",COST OF GOODS SOLD[RVQ],31,FOOD COST EXPENSES[RVQ],view,Expense View,RVQ
"""3201""",OPERATION EXPENSES LEVEL 1[RVQ],32,OPERATION DIRECT EXPENSES[RVQ],view,Expense View,RVQ
"""3202""",ADMINISTRATION EXPENSES LEVEL 2[RVQ],32,OPERATION DIRECT EXPENSES[RVQ],view,Expense View,RVQ
"""3203""",TOP MANAGEMENT EXPENSES LEVEL 3[RVQ],32,OPERATION DIRECT EXPENSES[RVQ],view,Expense View,RVQ
"""4101""",REVENUE SALES[RVQ],41,REVENUE OPERATIONS[RVQ],view,Income View,RVQ
"""4201""",REVENUE COMMISSION RVQ[RVQ],42,REVENUE OTHERS[RVQ],view,Income View,RVQ
"""4202""",REVENUE SALE OF ASSETS[RVQ],42,REVENUE OTHERS[RVQ],view,Income View,RVQ
"""4209""",OTHER MISCELLANEOUS INCOME[RVQ],42,REVENUE OTHERS[RVQ],view,Income View,RVQ
"""31010""",COST OF GOODS PROCESSED FOOD[RVB],3101,COST OF GOODS SOLD[RVB],view,Expense View,RVB
"""110101""",FIXERS AND ESTABLISHMENTS[RVA],1101,Tangible Assets[RVA],view,Asset View,RVA
"""110103""",DECORATIONS[RVA],1101,Tangible Assets[RVA],view,Asset View,RVA
"""110104""",COMPUTERS & PERIPHERALS[RVA],1101,Tangible Assets[RVA],view,Asset View,RVA
"""110105""",EQUIPMENT[RVA],1101,Tangible Assets[RVA],view,Asset View,RVA
"""110106""",VEHICLES[RVA],1101,Tangible Assets[RVA],view,Asset View,RVA
"""120101""",CASH & PETTY CASH[RVA],1201,CASH & BANKS[RVA],view,Asset View,RVA
"""120201""",CUSTOMER RECEIVABLE[RVA],1202,ACCOUNTS RECEIVABLE[RVA],view,Receivable,RVA
"""120202""",EMPLOYEES RECIVABLES[RVA],1202,ACCOUNTS RECEIVABLE[RVA],view,Receivable,RVA
"""120301""",STORE[RVA],1203,INVENTORY[RVA],view,Asset View,RVA
"""120401""",PREPAID EXP[RVA],1204,PREPAID EXPENSES[RVA],view,Asset View,RVA
"""220101""",TRADE & NON TRADE SUPPLIERS[RVA],2201,SUPPLIER PAYABLE[RVA],view,Liability View,RVA
"""220201""",STAFF PAYABLE[RVA],2202,EMPLOYEES PAYABLE[RVA],view,Liability View,RVA
"""220301""",ACCRUED STAFF SALARY PAYABLE[RVA],2203,ACCRUED PAYABLE[RVA],view,Liability View,RVA
"""220302""",ACCRUED RENT PAYABLE[RVA],2203,ACCRUED PAYABLE[RVA],view,Liability View,RVA
"""220304""",ACCRUED SERVICE CHARGES[RVA],2203,ACCRUED PAYABLE[RVA],view,Liability View,RVA
"""220306""",ACCRUED EXPENSE OTHERS[RVA],2203,ACCRUED PAYABLE[RVA],view,Liability View,RVA
"""230201""",STAFF INDEMNITY PAYABLE[RVA],2302,STAFF INDEMNITY[RVA],view,Liability View,RVA
"""310101""",COST OF GOODS PROCESSED FOOD[RVA],3101,COST OF GOODS SOLD[RVA],view,Expense View,RVA
"""320101""",DIRECT STAFF SALARY[RVA],3201,OPERATION EXPENSES LEVEL 1[RVA],view,Expense View,RVA
"""320102""",DIRECT STAFF RELATED EXPENSES[RVA],3201,OPERATION EXPENSES LEVEL 1[RVA],view,Expense View,RVA
"""320103""",DIRECT RENT EXPENSES[RVA],3201,OPERATION EXPENSES LEVEL 1[RVA],view,Expense View,RVA
"""320104""",DIRECT REPAIRS AND MAINTENENCE[RVA],3201,OPERATION EXPENSES LEVEL 1[RVA],view,Expense View,RVA
"""320105""",OTHER DIRECT EXPENSES[RVA],3201,OPERATION EXPENSES LEVEL 1[RVA],view,Expense View,RVA
"""320106""",MARKETTING SALES PROMOTION[RVA],3201,OPERATION EXPENSES LEVEL 1[RVA],view,Expense View,RVA
"""320201""",HO STAFF SALARY[RVA],3202,ADMINISTRATION EXPENSES LEVEL 2[RVA],view,Expense View,RVA
"""320202""",HO EXPENSES[RVA],3202,ADMINISTRATION EXPENSES LEVEL 2[RVA],view,Expense View,RVA
"""320301""",TOP MGT. SALARY[RVA],3203,TOP MANAGEMENT EXPENSES LEVEL 3[RVA],view,Expense View,RVA
"""410101""",REVENUE DAILY SALES[RVA],4101,REVENUE SALES[RVA],view,Income View,RVA
"""420101""",COMMISSION INCOME[RVA],4201,REVENUE COMMISSION[RVA],view,Income View,RVA
"""420201""",ASSETS SALE INCOME[RVA],4202,REVENUE SALE OF ASSETS[RVA],view,Income View,RVA
"""420901""",OTHER MISCELLANEOUS INCOME[RVA],4209,OTHER MISCELLANEOUS INCOME[RVA],view,Income View,RVA
"""100102""",FURNITURE[RVB],1101,Tangible Assets[RVB],view,Asset View,RVB
"""110101""",FIXERS AND ESTABLISHMENTS[RVB],1101,Tangible Assets[RVB],view,Asset View,RVB
"""110103""",DECORATIONS[RVB],1101,Tangible Assets[RVB],view,Asset View,RVB
"""110104""",COMPUTERS & PERIPHERALS[RVB],1101,Tangible Assets[RVB],view,Asset View,RVB
"""110105""",EQUIPMENT[RVB],1101,Tangible Assets[RVB],view,Asset View,RVB
"""110106""",VEHICLES[RVB],1101,Tangible Assets[RVB],view,Asset View,RVB
"""110201""",KEY MONEY[RVB],1102,IN TANGIBLE ASSETS[RVB],view,Asset View,RVB
"""110202""",GOODWILL[RVB],1102,IN TANGIBLE ASSETS[RVB],view,Asset View,RVB
"""110203""",SOFTWARE PROGRAMS[RVB],1102,IN TANGIBLE ASSETS[RVB],view,Asset View,RVB
"""120101""",CASH & PETTY CASH[RVB],1201,CASH & BANKS[RVB],view,Asset View,RVB
"""120102""",BANKS[RVB],1201,CASH & BANKS[RVB],view,Bank,RVB
"""120201""",CUSTOMER RECEIVABLE[RVB],1202,ACCOUNTS RECEIVABLE[RVB],view,Receivable,RVB
"""120202""",EMPLOYEES RECIVABLES[RVB],1202,ACCOUNTS RECEIVABLE[RVB],view,Receivable,RVB
"""120203""",SECURITY DEPOSITS[RVB],1202,ACCOUNTS RECEIVABLE[RVB],view,Receivable,RVB
"""120301""",STORE[RVB],1203,INVENTORY[RVB],view,Asset View,RVB
"""120401""",PREPAID EXP[RVB],1204,PREPAID EXPENSES[RVB],view,Asset View,RVB
"""210105""",RETAINED EARNINGS[RVB],2101,OWNERS SHARE[RVB],view,Equity,RVB
"""210106""",P & L ACCOUNTS[RVB],2101,OWNERS SHARE[RVB],view,Equity,RVB
"""220101""",TRADE & NON TRADE SUPPLIERS[RVB],2201,SUPPLIER PAYABLE[RVB],view,Liability View,RVB
"""220201""",STAFF PAYABLE[RVB],2202,EMPLOYEES PAYABLE[RVB],view,Liability View,RVB
"""220301""",ACCRUED STAFF SALARY PAYABLE[RVB],2203,ACCRUED PAYABLE[RVB],view,Liability View,RVB
"""220302""",ACCRUED RENT PAYABLE[RVB],2203,ACCRUED PAYABLE[RVB],view,Liability View,RVB
"""220304""",ACCRUED SERVICE CHARGES[RVB],2203,ACCRUED PAYABLE[RVB],view,Liability View,RVB
"""220306""",ACCRUED EXPENSE OTHERS[RVB],2203,ACCRUED PAYABLE[RVB],view,Liability View,RVB
"""230201""",STAFF INDEMNITY PAYABLE[RVB],2302,STAFF INDEMNITY[RVB],view,Liability View,RVB
"""320101""",DIRECT STAFF SALARY[RVB],3201,OPERATION EXPENSES LEVEL 1[RVB],view,Expense View,RVB
"""320102""",DIRECT STAFF RELATED EXPENSES[RVB],3201,OPERATION EXPENSES LEVEL 1[RVB],view,Expense View,RVB
"""320103""",DIRECT RENT EXPENSES[RVB],3201,OPERATION EXPENSES LEVEL 1[RVB],view,Expense View,RVB
"""320104""",DIRECT REPAIRS AND MAINTENENCE[RVB],3201,OPERATION EXPENSES LEVEL 1[RVB],view,Expense View,RVB
"""320105""",OTHER DIRECT EXPENSES[RVB],3201,OPERATION EXPENSES LEVEL 1[RVB],view,Expense View,RVB
"""320106""",MARKETTING SALES PROMOTION[RVB],3201,OPERATION EXPENSES LEVEL 1[RVB],view,Expense View,RVB
"""320201""",HO STAFF SALARY[RVB],3202,ADMINISTRATION EXPENSES LEVEL 2[RVB],view,Expense View,RVB
"""320202""",HO EXPENSES[RVB],3202,ADMINISTRATION EXPENSES LEVEL 2[RVB],view,Expense View,RVB
"""320301""",TOP MGT. SALARY[RVB],3203,TOP MANAGEMENT EXPENSES LEVEL 3[RVB],view,Expense View,RVB
"""320401""",DEPRECIATION[RVB],3204,DEPRECIATION AND AMMORTISATION LEVEL 4[RVB],view,Expense View,RVB
"""320402""",AMORTISATION[RVB],3204,DEPRECIATION AND AMMORTISATION LEVEL 4[RVB],view,Expense View,RVB
"""410101""",REVENUE DAILY SALES[RVB],4101,REVENUE SALES[RVB],view,Income View,RVB
"""420101""",COMMISSION INCOME[RVB],4201,REVENUE COMMISSION[RVB],view,Income View,RVB
"""420201""",ASSETS SALE INCOME[RVB],4202,REVENUE SALE OF ASSETS[RVB],view,Income View,RVB
"""420901""",OTHER MISCELLANEOUS INCOME[RVB],4209,OTHER MISCELLANEOUS INCOME[RVB],view,Income View,RVB
"""110101""",FIXERS AND ESTABLISHMENTS[RVQ],1101,TANGIBLE ASSETS[RVQ],view,Asset View,RVQ
"""110103""",DECORATIONS[RVQ],1101,TANGIBLE ASSETS[RVQ],view,Asset View,RVQ
"""110104""",COMPUTERS & PERIPHERALS[RVQ],1101,TANGIBLE ASSETS[RVQ],view,Asset View,RVQ
"""110105""",EQUIPMENT[RVQ],1101,TANGIBLE ASSETS[RVQ],view,Asset View,RVQ
"""110106""",VEHICLES[RVQ],1101,TANGIBLE ASSETS[RVQ],view,Asset View,RVQ
"""120101""",CASH & PETTY CASH[RVQ],1201,CASH & BANKS[RVQ],view,Asset View,RVQ
"""120201""",CUSTOMER RECEIVABLE[RVQ],1202,ACCOUNTS RECEIVABLE[RVQ],view,Receivable,RVQ
"""120202""",EMPLOYEES RECIVABLES[RVQ],1202,ACCOUNTS RECEIVABLE[RVQ],view,Receivable,RVQ
"""120301""",STORE[RVQ],1203,INVENTORY[RVQ],view,Asset View,RVQ
"""120401""",PREPAID EXP[RVQ],1204,PREPAID EXPENSES[RVQ],view,Asset View,RVQ
"""220101""",TRADE & NON TRADE SUPPLIERS[RVQ],2201,SUPPLIER PAYABLE[RVQ],view,Liability View,RVQ
"""220201""",STAFF PAYABLE[RVQ],2202,EMPLOYEES PAYABLE[RVQ],view,Liability View,RVQ
"""220301""",ACCRUED STAFF SALARY PAYABLE[RVQ],2203,ACCRUED PAYABLE[RVQ],view,Liability View,RVQ
"""220302""",ACCRUED RENT PAYABLE[RVQ],2203,ACCRUED PAYABLE[RVQ],view,Liability View,RVQ
"""220304""",ACCRUED SERVICE CHARGES[RVQ],2203,ACCRUED PAYABLE[RVQ],view,Liability View,RVQ
"""220306""",ACCRUED EXPENSE OTHERS[RVQ],2203,ACCRUED PAYABLE[RVQ],view,Liability View,RVQ
"""230201""",STAFF INDEMNITY PAYABLE[RVQ],2302,STAFF INDEMNITY[RVQ],view,Liability View,RVQ
"""310101""",COST OF GOODS PROCESSED FOOD[RVQ],3101,COST OF GOODS SOLD[RVQ],view,Expense View,RVQ
"""320101""",DIRECT STAFF SALARY[RVQ],3201,OPERATION EXPENSES LEVEL 1[RVQ],view,Expense View,RVQ
"""320102""",DIRECT STAFF RELATED EXPENSES[RVQ],3201,OPERATION EXPENSES LEVEL 1[RVQ],view,Expense View,RVQ
"""320103""",DIRECT RENT EXPENSES[RVQ],3201,OPERATION EXPENSES LEVEL 1[RVQ],view,Expense View,RVQ
"""320104""",DIRECT REPAIRS AND MAINTENENCE[RVQ],3201,OPERATION EXPENSES LEVEL 1[RVQ],view,Expense View,RVQ
"""320105""",OTHER DIRECT EXPENSES[RVQ],3201,OPERATION EXPENSES LEVEL 1[RVQ],view,Expense View,RVQ
"""320106""",MARKETTING SALES PROMOTION[RVQ],3201,OPERATION EXPENSES LEVEL 1[RVQ],view,Expense View,RVQ
"""320201""",HO STAFF SALARY[RVQ],3202,ADMINISTRATION EXPENSES LEVEL 2[RVQ],view,Expense View,RVQ
"""320202""",HO EXPENSES[RVQ],3202,ADMINISTRATION EXPENSES LEVEL 2[RVQ],view,Expense View,RVQ
"""320301""",TOP MGT. SALARY[RVQ],3203,TOP MANAGEMENT EXPENSES LEVEL 3[RVQ],view,Expense View,RVQ
"""410101""",REVENUE DAILY SALES[RVQ],4101,REVENUE SALES[RVQ],view,Income View,RVQ
"""420101""",COMMISSION INCOME[RVQ],4201,REVENUE COMMISSION RVQ[RVQ],view,Income View,RVQ
"""420201""",ASSETS SALE INCOME[RVQ],4202,REVENUE SALE OF ASSETS[RVQ],view,Income View,RVQ
"""420901""",OTHER MISCELLANEOUS INCOME[RVQ],4209,OTHER MISCELLANEOUS INCOME[RVQ],view,Income View,RVQ
"""12010110001""",CASH COLLECTIONS[RVA],120101,CASH & PETTY CASH[RVA],other,Cash,RVA
"""12010110003""",K NET COLLECTION[RVA],120101,CASH & PETTY CASH[RVA],other,Bank,RVA
"""12010110005""",BIL BAYT COLLECTION[RVA],120101,CASH & PETTY CASH[RVA],other,Cash,RVA
"""12010110006""",TALABAT K NET[RVA],120101,CASH & PETTY CASH[RVA],other,Cash,RVA
"""12020110000""",CUST. RECEIVABLE CONTROL[RVA],120201,CUSTOMER RECEIVABLE[RVA],receivable,Receivable,RVA
"""12020210000""",EMPL. REC. CONTROL[RVA],120202,EMPLOYEES RECIVABLES[RVA],other,Receivable,RVA
"""12030110001""",STOCK INVENTORY R.V A[RVA],120301,STORE[RVA],other,Asset,RVA
"""12040110001""",PREPAID RENTS[RVA],120401,PREPAID EXP[RVA],other,Asset,RVA
"""12040110003""",PREPAID TELEPHONE INTERNET[RVA],120401,PREPAID EXP[RVA],other,Asset,RVA
"""12040110004""",PREPAID GOVT. FEES[RVA],120401,PREPAID EXP[RVA],other,Asset,RVA
"""12040110005""",PREPAID TALABAT SUBSCRIPTION[RVA],120401,PREPAID EXP[RVA],other,Asset,RVA
"""12040110006""",PREPAID PRINTING CHARGES[RVA],120401,PREPAID EXP[RVA],other,Asset,RVA
"""12040110007""",PREPAID ADVT. MARKETTING[RVA],120401,PREPAID EXP[RVA],other,Asset,RVA
"""12040110008""",PREPAID SERVICE CHARGES[RVA],120401,PREPAID EXP[RVA],other,Asset,RVA
"""12040110009""",PREPAID INSURANCE CHARGES[RVA],120401,PREPAID EXP[RVA],other,Asset,RVA
"""12040110099""",PREPAID OTHERS[RVA],120401,PREPAID EXP[RVA],other,Asset,RVA
"""21020110000""",SUPPLIERS CONTROL ACCOUNT[RVA],220101,TRADE & NON TRADE SUPPLIERS[RVA],payable,Payable,RVA
"""21020120000""",PURCHASE CLEARING ACCOUNT[RVA],220101,TRADE & NON TRADE SUPPLIERS[RVA],other,Payable,RVA
"""21030110001""",ACCRUED STAFF SALARY FULL TIME[RVA],220301,ACCRUED STAFF SALARY PAYABLE[RVA],other,Liability,RVA
"""21030210001""",ACCRUED LOCATIONS RENT[RVA],220302,ACCRUED RENT PAYABLE[RVA],other,Liability,RVA
"""21030410001""",ACCRUED SERVICE CHARGES[RVA],220304,ACCRUED SERVICE CHARGES[RVA],other,Liability,RVA
"""23020110001""",STAFF INDEMNITY PAYABLE[RVA],230201,STAFF INDEMNITY PAYABLE[RVA],other,Liability,RVA
"""31010110001""",COST OF GOODS SOLD[RVA],310101,COST OF GOODS PROCESSED FOOD[RVA],other,Expense,RVA
"""31010110002""",WASTAGES[RVA],310101,COST OF GOODS PROCESSED FOOD[RVA],other,Expense,RVA
"""31010110003""",OTHER DIRECT COST[RVA],310101,COST OF GOODS PROCESSED FOOD[RVA],other,Expense,RVA
"""32010110001""",BASIC SALARY FULL TIME EMPLOYEES[RVA],320101,DIRECT STAFF SALARY[RVA],other,Expense,RVA
"""32010110002""",MOBILE ALLOWANCE EMPLOYEES[RVA],320101,DIRECT STAFF SALARY[RVA],other,Expense,RVA
"""32010110003""",CAR ALLOWANCE EMPLOYEES[RVA],320101,DIRECT STAFF SALARY[RVA],other,Expense,RVA
"""32010110004""",HOUSING ALLOWANCE EMPLOYEES[RVA],320101,DIRECT STAFF SALARY[RVA],other,Expense,RVA
"""32010110005""",OTHER ALLOWANCE EMPLOYEES[RVA],320101,DIRECT STAFF SALARY[RVA],other,Expense,RVA
"""32010110006""",OVERTIME FULL TIME EMPLOYEES[RVA],320101,DIRECT STAFF SALARY[RVA],other,Expense,RVA
"""32010110007""",SALARY CASUAL & TEMPORARY[RVA],320101,DIRECT STAFF SALARY[RVA],other,Expense,RVA
"""32010110008""",LEAVE SALARY PROVISION[RVA],320101,DIRECT STAFF SALARY[RVA],other,Expense,RVA
"""32010110009""",INDEMNITY PROVISION[RVA],320101,DIRECT STAFF SALARY[RVA],other,Expense,RVA
"""32010210001""",STAFF ACCOMODATION EXPENSES[RVA],320102,DIRECT STAFF RELATED EXPENSES[RVA],other,Expense,RVA
"""32010210001""",STAFF ACCOMODATION EXPENSES[RVA],320102,DIRECT STAFF RELATED EXPENSES[RVA],other,Expense,RVA
"""32010210002""",STAFF UNIFORMS[RVA],320102,DIRECT STAFF RELATED EXPENSES[RVA],other,Expense,RVA
"""32010210003""",STAFF VISA / RESIDENCY EXPENSES[RVA],320102,DIRECT STAFF RELATED EXPENSES[RVA],other,Expense,RVA
"""32010210004""",STAFF PASSAGE / TICKETS EXPENSES[RVA],320102,DIRECT STAFF RELATED EXPENSES[RVA],other,Expense,RVA
"""32010210005""",STAFF FOOD EXPENSES[RVA],320102,DIRECT STAFF RELATED EXPENSES[RVA],other,Expense,RVA
"""32010210006""",STAFF RECRUITMENT EXPENSES[RVA],320102,DIRECT STAFF RELATED EXPENSES[RVA],other,Expense,RVA
"""32010210007""",STAFF HEALTH & BALADIYA EXPENSES[RVA],320102,DIRECT STAFF RELATED EXPENSES[RVA],other,Expense,RVA
"""32010210008""",STAFF WELFARE EXPENSES[RVA],320102,DIRECT STAFF RELATED EXPENSES[RVA],other,Expense,RVA
"""32010210009""",STAFF TRAINING EXPENSES[RVA],320102,DIRECT STAFF RELATED EXPENSES[RVA],other,Expense,RVA
"""32010310002""",RENTS - STORES[RVA],320103,DIRECT RENT EXPENSES[RVA],other,Expense,RVA
"""32010410001""",REPAIRS N MAINT. EQUIPMENTS[RVA],320104,DIRECT REPAIRS AND MAINTENENCE[RVA],other,Expense,RVA
"""32010410002""",REPAIRS N MAINT. VEHICLES[RVA],320104,DIRECT REPAIRS AND MAINTENENCE[RVA],other,Expense,RVA
"""32010410003""",REPAIRS N MAINT. DECORE[RVA],320104,DIRECT REPAIRS AND MAINTENENCE[RVA],other,Expense,RVA
"""32010410004""",REPAIRS N MAINT. - FUEL VEHICLES[RVA],320104,DIRECT REPAIRS AND MAINTENENCE[RVA],other,Expense,RVA
"""32010410005""",REPAIRS N MAINT. - IT RELATED[RVA],320104,DIRECT REPAIRS AND MAINTENENCE[RVA],other,Expense,RVA
"""32010410009""",REPAIRS N MAINT. - OTHERS[RVA],320104,DIRECT REPAIRS AND MAINTENENCE[RVA],other,Expense,RVA
"""32010510001""",TELEPHONE COMMUNICATIONS[RVA],320105,OTHER DIRECT EXPENSES[RVA],other,Expense,RVA
"""32010510002""",INTERNET DATA LINK[RVA],320105,OTHER DIRECT EXPENSES[RVA],other,Expense,RVA
"""32010510003""",COURRIER CHARGES[RVA],320105,OTHER DIRECT EXPENSES[RVA],other,Expense,RVA
"""32010510004""",TRANSPORTATION EXPENSES[RVA],320105,OTHER DIRECT EXPENSES[RVA],other,Expense,RVA
"""32010510005""",GOVT. FEES[RVA],320105,OTHER DIRECT EXPENSES[RVA],other,Expense,RVA
"""32010510006""",PENALTIES[RVA],320105,OTHER DIRECT EXPENSES[RVA],other,Expense,RVA
"""32010510007""",VEHICLE CAR RENTALS[RVA],320105,OTHER DIRECT EXPENSES[RVA],other,Expense,RVA
"""32010510008""",DELIVERY COS CHARGES[RVA],320105,OTHER DIRECT EXPENSES[RVA],other,Expense,RVA
"""32010510009""",PEST CONTROL[RVA],320105,OTHER DIRECT EXPENSES[RVA],other,Expense,RVA
"""32010510010""",CLEANING EXPENSES[RVA],320105,OTHER DIRECT EXPENSES[RVA],other,Expense,RVA
"""32010510011""",SECURITY COLLECTION EXPENSES[RVA],320105,OTHER DIRECT EXPENSES[RVA],other,Expense,RVA
"""32010510012""",TALABAT CHARGES[RVA],320105,OTHER DIRECT EXPENSES[RVA],other,Expense,RVA
"""32010510013""",STAFF TRAINING EXPENSES[RVA],320105,OTHER DIRECT EXPENSES[RVA],other,Expense,RVA
"""32010510014""",LAB TESTING CHARGES[RVA],320105,OTHER DIRECT EXPENSES[RVA],other,Expense,RVA
"""32010510016""",SERVICE CHARGES[RVA],320105,OTHER DIRECT EXPENSES[RVA],other,Expense,RVA
"""32010510017""",TENDER CHARGES[RVA],320105,OTHER DIRECT EXPENSES[RVA],other,Expense,RVA
"""32010510018""",MISC. KITCHEN TOOLS[RVA],320105,OTHER DIRECT EXPENSES[RVA],other,Expense,RVA
"""32010510019""",ELECTRICITY CHARGES[RVA],320105,OTHER DIRECT EXPENSES[RVA],other,Expense,RVA
"""32010510020""",WATER CHARGES[RVA],320105,OTHER DIRECT EXPENSES[RVA],other,Expense,RVA
"""32010510021""",DONATION N CHARITY[RVA],320105,OTHER DIRECT EXPENSES[RVA],other,Expense,RVA
"""32010510098""",EXCESS SHORTAGE STORE[RVA],320105,OTHER DIRECT EXPENSES[RVA],other,Expense,RVA
"""32010510099""",MISC. EXPENSES OTHERS[RVA],320105,OTHER DIRECT EXPENSES[RVA],other,Expense,RVA
"""32010610001""",SALES PROMOTION EXPENSES[RVA],320106,MARKETTING SALES PROMOTION[RVA],other,Expense,RVA
"""32010610002""",PRODUCT TESTING TASTING FREE ITEMS[RVA],320106,MARKETTING SALES PROMOTION[RVA],other,Expense,RVA
"""32010610003""",ADVERTISEMENTS[RVA],320106,MARKETTING SALES PROMOTION[RVA],other,Expense,RVA
"""32010610004""",EXHIBITION[RVA],320106,MARKETTING SALES PROMOTION[RVA],other,Expense,RVA
"""32010610009""",BUSINESS DEVELOPMENT DIRECT CHARGES[RVA],320106,MARKETTING SALES PROMOTION[RVA],other,Expense,RVA
"""32020110001""",BASIC SALARY FULL TIME EMPLOYEES HO[RVA],320201,HO STAFF SALARY[RVA],other,Expense,RVA
"""32020110002""",MOBILE ALLOWANCE EMPLOYEES HO[RVA],320201,HO STAFF SALARY[RVA],other,Expense,RVA
"""32020110003""",CAR ALLOWANCE EMPLOYEES HO[RVA],320201,HO STAFF SALARY[RVA],other,Expense,RVA
"""32020110004""",HOUSING ALLOWANCE EMPLOYEES HO[RVA],320201,HO STAFF SALARY[RVA],other,Expense,RVA
"""32020110005""",OTHER ALLOWANCE EMPLOYEES HO[RVA],320201,HO STAFF SALARY[RVA],other,Expense,RVA
"""32020110006""",OVERTIME FULL TIME EMPLOYEES HO[RVA],320201,HO STAFF SALARY[RVA],other,Expense,RVA
"""32020110007""",SALARY CASUAL & TEMPORARY HO[RVA],320201,HO STAFF SALARY[RVA],other,Expense,RVA
"""32020110008""",LEAVE SALARY EXPENSES HO[RVA],320201,HO STAFF SALARY[RVA],other,Expense,RVA
"""32020110009""",INDEMNITY EXPENSES HO[RVA],320201,HO STAFF SALARY[RVA],other,Expense,RVA
"""32030110001""",BASIC SALARY FULL TIME EMPLOYEES TOP[RVA],320301,TOP MGT. SALARY[RVA],other,Expense,RVA
"""32030110002""",MOBILE ALLOWANCE EMPLOYEES TOP[RVA],320301,TOP MGT. SALARY[RVA],other,Expense,RVA
"""32030110003""",CAR ALLOWANCE EMPLOYEES TOP[RVA],320301,TOP MGT. SALARY[RVA],other,Expense,RVA
"""32030110004""",HOUSING ALLOWANCE EMPLOYEES TOP[RVA],320301,TOP MGT. SALARY[RVA],other,Expense,RVA
"""32030110005""",OTHER ALLOWANCE EMPLOYEES TOP[RVA],320301,TOP MGT. SALARY[RVA],other,Expense,RVA
"""32030110006""",PROV LEAVE SALARY TOP[RVA],320301,TOP MGT. SALARY[RVA],other,Expense,RVA
"""41010110001""",REVENUE FROM DAILY SALES[RVA],410101,REVENUE DAILY SALES[RVA],other,Income,RVA
"""42010110001""",COMMISSION INCOME[RVA],420101,COMMISSION INCOME[RVA],other,Income,RVA
"""11010110001""",FIXTURES[RVB],110101,FIXERS AND ESTABLISHMENTS[RVB],other,Asset,RVB
"""11010110101""",ACC. DEPRECIATION FIXTURES[RVB],110101,FIXERS AND ESTABLISHMENTS[RVB],other,Asset,RVB
"""11010210001""",OFFICE FURNITURE[RVB],100102,FURNITURE[RVB],other,Asset,RVB
"""11010210002""",KITCHEN FURNITURE[RVB],100102,FURNITURE[RVB],other,Asset,RVB
"""11010210101""",ACC. DEPRECIATION OFFICE FURNITURE[RVB],100102,FURNITURE[RVB],other,Asset,RVB
"""11010210102""",ACC. DEPRECIATION KITCHEN FURNITURE[RVB],100102,FURNITURE[RVB],other,Asset,RVB
"""11010310001""",DECORATIONS[RVB],110103,DECORATIONS[RVB],other,Asset,RVB
"""11010310101""",ACC. DEPRECIATION DECORATIONS[RVB],110103,DECORATIONS[RVB],other,Asset,RVB
"""11010410001""",COMPUTERS AND PRINTERS[RVB],110104,COMPUTERS & PERIPHERALS[RVB],other,Asset,RVB
"""11010410002""",PHONES$ FAX$ COPIERS[RVB],110104,COMPUTERS & PERIPHERALS[RVB],other,Asset,RVB
"""11010410101""",ACC. DEPRECIATION COMPUTERS AND PRINTERS[RVB],110104,COMPUTERS & PERIPHERALS[RVB],other,Asset,RVB
"""11010410102""",ACC. DEPRECIATION PHONES$ FAX$ COPIERS[RVB],110104,COMPUTERS & PERIPHERALS[RVB],other,Asset,RVB
"""11010510001""",OFFICE & KITCHEN EQUIPMENTS[RVB],110105,EQUIPMENT[RVB],other,Asset,RVB
"""11010510002""",OTHER EQUIPMENTS[RVB],110105,EQUIPMENT[RVB],other,Asset,RVB
"""11010510101""",ACC. DEPRECIATION OFFICE & KITCHEN EQUIPMENTS[RVB],110105,EQUIPMENT[RVB],other,Asset,RVB
"""11010510102""",ACC. DEPRECIATION OTHER EQUIPMENTS[RVB],110105,EQUIPMENT[RVB],other,Asset,RVB
"""11010610001""",LIGHT MOTOR VEHICLES[RVB],110101,FIXERS AND ESTABLISHMENTS[RVB],other,Asset,RVB
"""11010610101""",ACC. DEPRECIATION LIGHT MOTOR VEHICLES[RVB],110106,VEHICLES[RVB],other,Asset,RVB
"""11020110001""",KEY MONEY[RVB],110201,KEY MONEY[RVB],other,Asset,RVB
"""11020110101""",AMORTISATION KEY MONEY[RVB],110201,KEY MONEY[RVB],other,Asset,RVB
"""11020210001""",GOODWILL[RVB],110202,GOODWILL[RVB],other,Asset,RVB
"""11020210101""",AMORTISATION GOODWILL[RVB],110202,GOODWILL[RVB],other,Asset,RVB
"""11020310001""",SOFTWARES[RVB],110203,SOFTWARE PROGRAMS[RVB],other,Asset,RVB
"""11020310101""",AMORTISATION SOFTWARES[RVB],110203,SOFTWARE PROGRAMS[RVB],other,Asset,RVB
"""12010110001""",CASH COLLECTIONS[RVB],120101,CASH & PETTY CASH[RVB],other,Cash,RVB
"""12010110002""",AL RAED CASH[RVB],120101,CASH & PETTY CASH[RVB],other,Cash,RVB
"""12010110003""",K NET COLLECTION[RVB],120101,CASH & PETTY CASH[RVB],other,Bank,RVB
"""12010110004""",CARRIAGE CASH & K NET[RVB],120101,CASH & PETTY CASH[RVB],other,Cash,RVB
"""12010110005""",BIL BAYT COLLECTION[RVB],120101,CASH & PETTY CASH[RVB],other,Cash,RVB
"""12010110006""",TALABAT K NET[RVB],120101,CASH & PETTY CASH[RVB],other,Cash,RVB
"""12010110109""",PETTY CASH H.O[RVB],120101,CASH & PETTY CASH[RVB],other,Cash,RVB
"""12010210301""",ABK 0603465442 002[RVB],120102,BANKS[RVB],other,Bank,RVB
"""12020110000""",CUST. RECEIVABLE CONTROL[RVB],120201,CUSTOMER RECEIVABLE[RVB],other,Receivable,RVB
"""12020210000""",EMPL. REC. CONTROL[RVB],120202,EMPLOYEES RECIVABLES[RVB],other,Receivable,RVB
"""12020310001""",SECURITY DEPOSIT TO DETAIL[RVB],120203,SECURITY DEPOSITS[RVB],other,Asset,RVB
"""12030110001""",STOCK INVENTORY R.V[RVB],120301,STORE[RVB],other,Asset,RVB
"""12040110001""",PREPAID RENTS[RVB],120401,PREPAID EXP[RVB],other,Asset,RVB
"""12040110003""",PREPAID TELEPHONE INTERNET[RVB],120401,PREPAID EXP[RVB],other,Asset,RVB
"""12040110004""",PREPAID GOVT. FEES[RVB],120401,PREPAID EXP[RVB],other,Asset,RVB
"""12040110005""",PREPAID TALABAT SUBSCRIPTION[RVB],120401,PREPAID EXP[RVB],other,Asset,RVB
"""12040110006""",PREPAID PRINTING CHARGES[RVB],120401,PREPAID EXP[RVB],other,Asset,RVB
"""12040110007""",PREPAID ADVT. MARKETTING[RVB],120401,PREPAID EXP[RVB],other,Asset,RVB
"""12040110008""",PREPAID SERVICE CHARGES[RVB],120401,PREPAID EXP[RVB],other,Asset,RVB
"""12040110009""",PREPAID INSURANCE CHARGES[RVB],120401,PREPAID EXP[RVB],other,Asset,RVB
"""12040110099""",PREPAID OTHERS[RVB],120401,PREPAID EXP[RVB],other,Asset,RVB
"""12050110001""",PRE OPERATING EXPENSES[RVB],1205,PRE OPERATING EXPENSES[RVB],other,Asset,RVB
"""13010110001""",DAN FOOD COMPANY[RVB],1301,INTER COMPANY ACCOUNTS[RVB],other,Asset,RVB
"""13010110002""",AL SHAMIYA COMPANY[RVB],1301,INTER COMPANY ACCOUNTS[RVB],other,Asset,RVB
"""13010110004""",SATELLITE KITCHEN[RVB],1301,INTER COMPANY ACCOUNTS[RVB],other,Asset,RVB
"""13010110005""",FUEL SUPERFOODS[RVB],1301,INTER COMPANY ACCOUNTS[RVB],other,Asset,RVB
"""13010110006""",REVERA CATERING[RVB],1301,INTER COMPANY ACCOUNTS[RVB],other,Asset,RVB
"""21010510001""",RETAINED EARNINGS[RVB],210105,RETAINED EARNINGS[RVB],other,Equity,RVB
"""21010610001""",P & L 2011[RVB],210106,P & L ACCOUNTS[RVB],other,Equity,RVB
"""21010610002""",P & L 2012[RVB],210106,P & L ACCOUNTS[RVB],other,Equity,RVB
"""21010610003""",P & L 2013[RVB],210106,P & L ACCOUNTS[RVB],other,Equity,RVB
"""21010610004""",P & L 2014[RVB],210106,P & L ACCOUNTS[RVB],other,Equity,RVB
"""21010610005""",P & L 2015[RVB],210106,P & L ACCOUNTS[RVB],other,Equity,RVB
"""21010610006""",P & L 2016[RVB],210106,P & L ACCOUNTS[RVB],other,Equity,RVB
"""21010610099""",P & L FOR THE YEAR[RVB],210106,P & L ACCOUNTS[RVB],other,Equity,RVB
"""21020110000""",STAFF CONTROL ACCOUNT[RVB],220201,STAFF PAYABLE[RVB],other,Liability,RVB
"""21020110000""",SUPPLIERS CONTROL ACCOUNT[RVB],220101,TRADE & NON TRADE SUPPLIERS[RVB],other,Payable,RVB
"""21020120000""",PURCHASE CLEARING ACCOUNT[RVB],220101,TRADE & NON TRADE SUPPLIERS[RVB],other,Payable,RVB
"""21030110001""",ACCRUED STAFF SALARY FULL TIME[RVB],220301,ACCRUED STAFF SALARY PAYABLE[RVB],other,Liability,RVB
"""21030210001""",ACCRUED LOCATIONS RENT[RVB],220302,ACCRUED RENT PAYABLE[RVB],other,Liability,RVB
"""21030210002""",ACCRUED STAFF ACCOMODATION RENT[RVB],220302,ACCRUED RENT PAYABLE[RVB],other,Liability,RVB
"""21030410001""",ACCRUED SERVICE CHARGES[RVB],220304,ACCRUED SERVICE CHARGES[RVB],other,Liability,RVB
"""21030610001""",ACCRUED COMMISSION[RVB],220306,ACCRUED EXPENSE OTHERS[RVB],other,Liability,RVB
"""23020110001""",STAFF INDEMNITY PAYABLE[RVB],230201,STAFF INDEMNITY PAYABLE[RVB],other,Liability,RVB
"""31010110001""",COST OF GOODS SOLD[RVB],31010,COST OF GOODS PROCESSED FOOD[RVB],other,Expense,RVB
"""31010110002""",WASTAGES[RVB],31010,COST OF GOODS PROCESSED FOOD[RVB],other,Expense,RVB
"""31010110003""",OTHER DIRECT COST[RVB],31010,COST OF GOODS PROCESSED FOOD[RVB],other,Expense,RVB
"""32010110001""",BASIC SALARY FULL TIME EMPLOYEES[RVB],320101,DIRECT STAFF SALARY[RVB],other,Expense,RVB
"""32010110002""",MOBILE ALLOWANCE EMPLOYEES[RVB],320101,DIRECT STAFF SALARY[RVB],other,Expense,RVB
"""32010110003""",CAR ALLOWANCE EMPLOYEES[RVB],320101,DIRECT STAFF SALARY[RVB],other,Expense,RVB
"""32010110004""",HOUSING ALLOWANCE EMPLOYEES[RVB],320101,DIRECT STAFF SALARY[RVB],other,Expense,RVB
"""32010110005""",OTHER ALLOWANCE EMPLOYEES[RVB],320101,DIRECT STAFF SALARY[RVB],other,Expense,RVB
"""32010110006""",OVERTIME FULL TIME EMPLOYEES[RVB],320101,DIRECT STAFF SALARY[RVB],other,Expense,RVB
"""32010110007""",SALARY CASUAL & TEMPORARY[RVB],320101,DIRECT STAFF SALARY[RVB],other,Expense,RVB
"""32010110008""",LEAVE SALARY PROVISION[RVB],320101,DIRECT STAFF SALARY[RVB],other,Expense,RVB
"""32010110009""",INDEMNITY PROVISION[RVB],320101,DIRECT STAFF SALARY[RVB],other,Expense,RVB
"""32010210001""",STAFF ACCOMODATION EXPENSES[RVB],320102,DIRECT STAFF RELATED EXPENSES[RVB],other,Expense,RVB
"""32010210002""",STAFF UNIFORMS[RVB],320102,DIRECT STAFF RELATED EXPENSES[RVB],other,Expense,RVB
"""32010210003""",STAFF VISA / RESIDENCY EXPENSES[RVB],320102,DIRECT STAFF RELATED EXPENSES[RVB],other,Expense,RVB
"""32010210004""",STAFF PASSAGE / TICKETS EXPENSES[RVB],320102,DIRECT STAFF RELATED EXPENSES[RVB],other,Expense,RVB
"""32010210005""",STAFF FOOD EXPENSES[RVB],320102,DIRECT STAFF RELATED EXPENSES[RVB],other,Expense,RVB
"""32010210006""",STAFF RECRUITMENT EXPENSES[RVB],320102,DIRECT STAFF RELATED EXPENSES[RVB],other,Expense,RVB
"""32010210007""",STAFF HEALTH & BALADIYA EXPENSES[RVB],320102,DIRECT STAFF RELATED EXPENSES[RVB],other,Expense,RVB
"""32010210008""",STAFF WELFARE EXPENSES[RVB],320102,DIRECT STAFF RELATED EXPENSES[RVB],other,Expense,RVB
"""32010210009""",STAFF TRAINING EXPENSES[RVB],320102,DIRECT STAFF RELATED EXPENSES[RVB],other,Expense,RVB
"""32010310002""",RENTS - STORES[RVB],320103,DIRECT RENT EXPENSES[RVB],other,Expense,RVB
"""32010410001""",REPAIRS N MAINT. EQUIPMENTS[RVB],320104,DIRECT REPAIRS AND MAINTENENCE[RVB],other,Expense,RVB
"""32010410002""",REPAIRS N MAINT. VEHICLES[RVB],320104,DIRECT REPAIRS AND MAINTENENCE[RVB],other,Expense,RVB
"""32010410003""",REPAIRS N MAINT. DECORE[RVB],320104,DIRECT REPAIRS AND MAINTENENCE[RVB],other,Expense,RVB
"""32010410004""",REPAIRS N MAINT. - FUEL VEHICLES[RVB],320104,DIRECT REPAIRS AND MAINTENENCE[RVB],other,Expense,RVB
"""32010410005""",REPAIRS N MAINT. - IT RELATED[RVB],320104,DIRECT REPAIRS AND MAINTENENCE[RVB],other,Expense,RVB
"""32010410009""",REPAIRS N MAINT. - OTHERS[RVB],320104,DIRECT REPAIRS AND MAINTENENCE[RVB],other,Expense,RVB
"""32010510001""",TELEPHONE COMMUNICATIONS[RVB],320105,OTHER DIRECT EXPENSES[RVB],other,Expense,RVB
"""32010510002""",INTERNET DATA LINK[RVB],320105,OTHER DIRECT EXPENSES[RVB],other,Expense,RVB
"""32010510003""",COURRIER CHARGES[RVB],320105,OTHER DIRECT EXPENSES[RVB],other,Expense,RVB
"""32010510004""",TRANSPORTATION EXPENSES[RVB],320105,OTHER DIRECT EXPENSES[RVB],other,Expense,RVB
"""32010510005""",GOVT. FEES[RVB],320105,OTHER DIRECT EXPENSES[RVB],other,Expense,RVB
"""32010510006""",PENALTIES[RVB],320105,OTHER DIRECT EXPENSES[RVB],other,Expense,RVB
"""32010510007""",VEHICLE CAR RENTALS[RVB],320105,OTHER DIRECT EXPENSES[RVB],other,Expense,RVB
"""32010510008""",DELIVERY COS CHARGES[RVB],320105,OTHER DIRECT EXPENSES[RVB],other,Expense,RVB
"""32010510009""",PEST CONTROL[RVB],320105,OTHER DIRECT EXPENSES[RVB],other,Expense,RVB
"""32010510010""",CLEANING EXPENSES[RVB],320105,OTHER DIRECT EXPENSES[RVB],other,Expense,RVB
"""32010510011""",SECURITY COLLECTION EXPENSES[RVB],320105,OTHER DIRECT EXPENSES[RVB],other,Expense,RVB
"""32010510012""",TALABAT CHARGES[RVB],320105,OTHER DIRECT EXPENSES[RVB],other,Expense,RVB
"""32010510013""",STAFF TRAINING EXPENSES[RVB],320105,OTHER DIRECT EXPENSES[RVB],other,Expense,RVB
"""32010510014""",LAB TESTING CHARGES[RVB],320105,OTHER DIRECT EXPENSES[RVB],other,Expense,RVB
"""32010510016""",SERVICE CHARGES[RVB],320105,OTHER DIRECT EXPENSES[RVB],other,Expense,RVB
"""32010510017""",TENDER CHARGES[RVB],320105,OTHER DIRECT EXPENSES[RVB],other,Expense,RVB
"""32010510018""",MISC. KITCHEN TOOLS[RVB],320105,OTHER DIRECT EXPENSES[RVB],other,Expense,RVB
"""32010510019""",ELECTRICITY CHARGES[RVB],320105,OTHER DIRECT EXPENSES[RVB],other,Expense,RVB
"""32010510020""",WATER CHARGES[RVB],320105,OTHER DIRECT EXPENSES[RVB],other,Expense,RVB
"""32010510021""",DONATION N CHARITY[RVB],320105,OTHER DIRECT EXPENSES[RVB],other,Expense,RVB
"""32010510098""",EXCESS SHORTAGE STORE[RVB],320105,OTHER DIRECT EXPENSES[RVB],other,Expense,RVB
"""32010510099""",MISC. EXPENSES OTHERS[RVB],320105,OTHER DIRECT EXPENSES[RVB],other,Expense,RVB
"""32010610001""",SALES PROMOTION EXPENSES[RVB],320106,MARKETTING SALES PROMOTION[RVB],other,Expense,RVB
"""32010610002""",PRODUCT TESTING TASTING FREE ITEMS[RVB],320106,MARKETTING SALES PROMOTION[RVB],other,Expense,RVB
"""32010610003""",ADVERTISEMENTS[RVB],320106,MARKETTING SALES PROMOTION[RVB],other,Expense,RVB
"""32010610004""",EXHIBITION[RVB],320106,MARKETTING SALES PROMOTION[RVB],other,Expense,RVB
"""32010610009""",BUSINESS DEVELOPMENT DIRECT CHARGES[RVB],320106,MARKETTING SALES PROMOTION[RVB],other,Expense,RVB
"""32020110001""",BASIC SALARY FULL TIME EMPLOYEES HO[RVB],320201,HO STAFF SALARY[RVB],other,Expense,RVB
"""32020110002""",MOBILE ALLOWANCE EMPLOYEES HO[RVB],320201,HO STAFF SALARY[RVB],other,Expense,RVB
"""32020110003""",CAR ALLOWANCE EMPLOYEES HO[RVB],320201,HO STAFF SALARY[RVB],other,Expense,RVB
"""32020110004""",HOUSING ALLOWANCE EMPLOYEES HO[RVB],320201,HO STAFF SALARY[RVB],other,Expense,RVB
"""32020110005""",OTHER ALLOWANCE EMPLOYEES HO[RVB],320201,HO STAFF SALARY[RVB],other,Expense,RVB
"""32020110006""",OVERTIME FULL TIME EMPLOYEES HO[RVB],320201,HO STAFF SALARY[RVB],other,Expense,RVB
"""32020110007""",SALARY CASUAL & TEMPORARY HO[RVB],320201,HO STAFF SALARY[RVB],other,Expense,RVB
"""32020110008""",LEAVE SALARY EXPENSES HO[RVB],320201,HO STAFF SALARY[RVB],other,Expense,RVB
"""32020110009""",INDEMNITY EXPENSES HO[RVB],320201,HO STAFF SALARY[RVB],other,Expense,RVB
"""32030110001""",BASIC SALARY FULL TIME EMPLOYEES TOP[RVB],320301,TOP MGT. SALARY[RVB],other,Expense,RVB
"""32030110002""",MOBILE ALLOWANCE EMPLOYEES TOP[RVB],320301,TOP MGT. SALARY[RVB],other,Expense,RVB
"""32030110003""",CAR ALLOWANCE EMPLOYEES TOP[RVB],320301,TOP MGT. SALARY[RVB],other,Expense,RVB
"""32030110004""",HOUSING ALLOWANCE EMPLOYEES TOP[RVB],320301,TOP MGT. SALARY[RVB],other,Expense,RVB
"""32030110005""",OTHER ALLOWANCE EMPLOYEES TOP[RVB],320301,TOP MGT. SALARY[RVB],other,Expense,RVB
"""32030110006""",PROV LEAVE SALARY TOP[RVB],320301,TOP MGT. SALARY[RVB],other,Expense,RVB
"""32040110101""",DEPRECIATION - FIXTURES[RVB],320401,DEPRECIATION[RVB],other,Expense,RVB
"""32040110102""",DEPRECIATION - ESTABLISHMENTS[RVB],320401,DEPRECIATION[RVB],other,Expense,RVB
"""32040110201""",DEPRECIATION - OFFICE FURNITURE[RVB],320401,DEPRECIATION[RVB],other,Expense,RVB
"""32040110202""",DEPRECIATION - KITCHEN FURNITURE[RVB],320401,DEPRECIATION[RVB],other,Expense,RVB
"""32040110301""",DEPRECIATION - DECORATION[RVB],320401,DEPRECIATION[RVB],other,Expense,RVB
"""32040110401""",DEPRECIATION - COMPUTER & PRINTERS[RVB],320401,DEPRECIATION[RVB],other,Expense,RVB
"""32040110402""",DEPRECIATION - PHONES FAX COPIERS[RVB],320401,DEPRECIATION[RVB],other,Expense,RVB
"""32040110501""",DEPRECIATION - OFFICE KITCHEN EQUIPMENTS[RVB],320401,DEPRECIATION[RVB],other,Expense,RVB
"""32040110502""",DEPRECIATION - OTHER EQUIPMENTS[RVB],320401,DEPRECIATION[RVB],other,Expense,RVB
"""32040210101""",AMORTISATION KEY MONEY[RVB],320402,AMORTISATION[RVB],other,Expense,RVB
"""32040210201""",AMORTISATION GOODWILL[RVB],320402,AMORTISATION[RVB],other,Expense,RVB
"""32040210301""",AMORTISATION SOFTWARES[RVB],320402,AMORTISATION[RVB],other,Expense,RVB
"""41010110001""",REVENUE FROM DAILY SALES[RVB],410101,REVENUE DAILY SALES[RVB],other,Income,RVB
"""42010110001""",COMMISSION INCOME[RVB],420101,COMMISSION INCOME[RVB],other,Income,RVB
"""12010110002""",AL RAED CASH[RVQ],120101,CASH & PETTY CASH[RVQ],other,Cash,RVQ
"""12010110003""",K NET COLLECTION[RVQ],120101,CASH & PETTY CASH[RVQ],other,Bank,RVQ
"""12010110005""",BIL BAYT COLLECTION[RVQ],120101,CASH & PETTY CASH[RVQ],other,Cash,RVQ
"""12010110006""",TALABAT K NET[RVQ],120101,CASH & PETTY CASH[RVQ],other,Cash,RVQ
"""12020110000""",CUST. RECEIVABLE CONTROL[RVQ],120201,CUSTOMER RECEIVABLE[RVQ],receivable,Receivable,RVQ
"""12020210000""",EMPL. REC. CONTROL[RVQ],120202,EMPLOYEES RECIVABLES[RVQ],other,Receivable,RVQ
"""12030110001""",STOCK INVENTORY[RVQ],120301,STORE[RVQ],other,Asset,RVQ
"""12040110001""",PREPAID RENTS[RVQ],120401,PREPAID EXP[RVQ],other,Asset,RVQ
"""12040110003""",PREPAID TELEPHONE INTERNET[RVQ],120401,PREPAID EXP[RVQ],other,Asset,RVQ
"""12040110004""",PREPAID GOVT. FEES[RVQ],120401,PREPAID EXP[RVQ],other,Asset,RVQ
"""12040110005""",PREPAID TALABAT SUBSCRIPTION[RVQ],120401,PREPAID EXP[RVQ],other,Asset,RVQ
"""12040110006""",PREPAID PRINTING CHARGES[RVQ],120401,PREPAID EXP[RVQ],other,Asset,RVQ
"""12040110007""",PREPAID ADVT. MARKETTING[RVQ],120401,PREPAID EXP[RVQ],other,Asset,RVQ
"""12040110008""",PREPAID SERVICE CHARGES[RVQ],120401,PREPAID EXP[RVQ],other,Asset,RVQ
"""12040110009""",PREPAID INSURANCE CHARGES[RVQ],120401,PREPAID EXP[RVQ],other,Asset,RVQ
"""12040110099""",PREPAID OTHERS[RVQ],120401,PREPAID EXP[RVQ],other,Asset,RVQ
"""21020110000""",SUPPLIERS CONTROL ACCOUNT[RVQ],220101,TRADE & NON TRADE SUPPLIERS[RVQ],payable,Payable,RVQ
"""21020120000""",PURCHASE CLEARING ACCOUNT[RVQ],220101,TRADE & NON TRADE SUPPLIERS[RVQ],other,Payable,RVQ
"""21030110001""",ACCRUED STAFF SALARY FULL TIME[RVQ],220301,ACCRUED STAFF SALARY PAYABLE[RVQ],other,Liability,RVQ
"""21030210001""",ACCRUED LOCATIONS RENT[RVQ],220302,ACCRUED RENT PAYABLE[RVQ],other,Liability,RVQ
"""21030410001""",ACCRUED SERVICE CHARGES[RVQ],220304,ACCRUED SERVICE CHARGES[RVQ],other,Liability,RVQ
"""23020110001""",STAFF INDEMNITY PAYABLE[RVQ],230201,STAFF INDEMNITY PAYABLE[RVQ],other,Liability,RVQ
"""31010110001""",COST OF GOODS SOLD[RVQ],310101,COST OF GOODS PROCESSED FOOD[RVQ],other,Expense,RVQ
"""31010110002""",WASTAGES[RVQ],310101,COST OF GOODS PROCESSED FOOD[RVQ],other,Expense,RVQ
"""31010110003""",OTHER DIRECT COST[RVQ],310101,COST OF GOODS PROCESSED FOOD[RVQ],other,Expense,RVQ
"""32010110001""",BASIC SALARY FULL TIME EMPLOYEES[RVQ],320101,DIRECT STAFF SALARY[RVQ],other,Expense,RVQ
"""32010110002""",MOBILE ALLOWANCE EMPLOYEES[RVQ],320101,DIRECT STAFF SALARY[RVQ],other,Expense,RVQ
"""32010110003""",CAR ALLOWANCE EMPLOYEES[RVQ],320101,DIRECT STAFF SALARY[RVQ],other,Expense,RVQ
"""32010110004""",HOUSING ALLOWANCE EMPLOYEES[RVQ],320101,DIRECT STAFF SALARY[RVQ],other,Expense,RVQ
"""32010110005""",OTHER ALLOWANCE EMPLOYEES[RVQ],320101,DIRECT STAFF SALARY[RVQ],other,Expense,RVQ
"""32010110006""",OVERTIME FULL TIME EMPLOYEES[RVQ],320101,DIRECT STAFF SALARY[RVQ],other,Expense,RVQ
"""32010110007""",SALARY CASUAL & TEMPORARY[RVQ],320101,DIRECT STAFF SALARY[RVQ],other,Expense,RVQ
"""32010110008""",LEAVE SALARY PROVISION[RVQ],320101,DIRECT STAFF SALARY[RVQ],other,Expense,RVQ
"""32010110009""",INDEMNITY PROVISION[RVQ],320101,DIRECT STAFF SALARY[RVQ],other,Expense,RVQ
"""32010210001""",STAFF ACCOMODATION EXPENSES[RVQ],320102,DIRECT STAFF RELATED EXPENSES[RVQ],other,Expense,RVQ
"""32010210002""",STAFF UNIFORMS[RVQ],320102,DIRECT STAFF RELATED EXPENSES[RVQ],other,Expense,RVQ
"""32010210003""",STAFF VISA / RESIDENCY EXPENSES[RVQ],320102,DIRECT STAFF RELATED EXPENSES[RVQ],other,Expense,RVQ
"""32010210004""",STAFF PASSAGE / TICKETS EXPENSES[RVQ],320102,DIRECT STAFF RELATED EXPENSES[RVQ],other,Expense,RVQ
"""32010210005""",STAFF FOOD EXPENSES[RVQ],320102,DIRECT STAFF RELATED EXPENSES[RVQ],other,Expense,RVQ
"""32010210006""",STAFF RECRUITMENT EXPENSES[RVQ],320102,DIRECT STAFF RELATED EXPENSES[RVQ],other,Expense,RVQ
"""32010210007""",STAFF HEALTH & BALADIYA EXPENSES[RVQ],320102,DIRECT STAFF RELATED EXPENSES[RVQ],other,Expense,RVQ
"""32010210008""",STAFF WELFARE EXPENSES[RVQ],320102,DIRECT STAFF RELATED EXPENSES[RVQ],other,Expense,RVQ
"""32010210009""",STAFF TRAINING EXPENSES[RVQ],320102,DIRECT STAFF RELATED EXPENSES[RVQ],other,Expense,RVQ
"""32010310002""",RENTS - STORES[RVQ],320103,DIRECT RENT EXPENSES[RVQ],other,Expense,RVQ
"""32010410001""",REPAIRS N MAINT. EQUIPMENTS[RVQ],320104,DIRECT REPAIRS AND MAINTENENCE[RVQ],other,Expense,RVQ
"""32010410002""",REPAIRS N MAINT. VEHICLES[RVQ],320104,DIRECT REPAIRS AND MAINTENENCE[RVQ],other,Expense,RVQ
"""32010410003""",REPAIRS N MAINT. DECORE[RVQ],320104,DIRECT REPAIRS AND MAINTENENCE[RVQ],other,Expense,RVQ
"""32010410004""",REPAIRS N MAINT. - FUEL VEHICLES[RVQ],320104,DIRECT REPAIRS AND MAINTENENCE[RVQ],other,Expense,RVQ
"""32010410005""",REPAIRS N MAINT. - IT RELATED[RVQ],320104,DIRECT REPAIRS AND MAINTENENCE[RVQ],other,Expense,RVQ
"""32010410009""",REPAIRS N MAINT. - OTHERS[RVQ],320104,DIRECT REPAIRS AND MAINTENENCE[RVQ],other,Expense,RVQ
"""32010510001""",TELEPHONE COMMUNICATIONS[RVQ],320105,OTHER DIRECT EXPENSES[RVQ],other,Expense,RVQ
"""32010510002""",INTERNET DATA LINK[RVQ],320105,OTHER DIRECT EXPENSES[RVQ],other,Expense,RVQ
"""32010510003""",COURRIER CHARGES[RVQ],320105,OTHER DIRECT EXPENSES[RVQ],other,Expense,RVQ
"""32010510004""",TRANSPORTATION EXPENSES[RVQ],320105,OTHER DIRECT EXPENSES[RVQ],other,Expense,RVQ
"""32010510005""",GOVT. FEES[RVQ],320105,OTHER DIRECT EXPENSES[RVQ],other,Expense,RVQ
"""32010510006""",PENALTIES[RVQ],320105,OTHER DIRECT EXPENSES[RVQ],other,Expense,RVQ
"""32010510007""",VEHICLE CAR RENTALS[RVQ],320105,OTHER DIRECT EXPENSES[RVQ],other,Expense,RVQ
"""32010510008""",DELIVERY COS CHARGES[RVQ],320105,OTHER DIRECT EXPENSES[RVQ],other,Expense,RVQ
"""32010510009""",PEST CONTROL[RVQ],320105,OTHER DIRECT EXPENSES[RVQ],other,Expense,RVQ
"""32010510010""",CLEANING EXPENSES[RVQ],320105,OTHER DIRECT EXPENSES[RVQ],other,Expense,RVQ
"""32010510011""",SECURITY COLLECTION EXPENSES[RVQ],320105,OTHER DIRECT EXPENSES[RVQ],other,Expense,RVQ
"""32010510012""",TALABAT CHARGES[RVQ],320105,OTHER DIRECT EXPENSES[RVQ],other,Expense,RVQ
"""32010510013""",STAFF TRAINING EXPENSES[RVQ],320105,OTHER DIRECT EXPENSES[RVQ],other,Expense,RVQ
"""32010510014""",LAB TESTING CHARGES[RVQ],320105,OTHER DIRECT EXPENSES[RVQ],other,Expense,RVQ
"""32010510016""",SERVICE CHARGES[RVQ],320105,OTHER DIRECT EXPENSES[RVQ],other,Expense,RVQ
"""32010510017""",TENDER CHARGES[RVQ],320105,OTHER DIRECT EXPENSES[RVQ],other,Expense,RVQ
"""32010510018""",MISC. KITCHEN TOOLS[RVQ],320105,OTHER DIRECT EXPENSES[RVQ],other,Expense,RVQ
"""32010510019""",ELECTRICITY CHARGES[RVQ],320105,OTHER DIRECT EXPENSES[RVQ],other,Expense,RVQ
"""32010510020""",WATER CHARGES[RVQ],320105,OTHER DIRECT EXPENSES[RVQ],other,Expense,RVQ
"""32010510021""",DONATION N CHARITY[RVQ],320105,OTHER DIRECT EXPENSES[RVQ],other,Expense,RVQ
"""32010510098""",EXCESS SHORTAGE STORE[RVQ],320105,OTHER DIRECT EXPENSES[RVQ],other,Expense,RVQ
"""32010510099""",MISC. EXPENSES OTHERS[RVQ],320105,OTHER DIRECT EXPENSES[RVQ],other,Expense,RVQ
"""32010610001""",SALES PROMOTION EXPENSES[RVQ],320106,MARKETTING SALES PROMOTION[RVQ],other,Expense,RVQ
"""32010610002""",PRODUCT TESTING TASTING FREE ITEMS[RVQ],320106,MARKETTING SALES PROMOTION[RVQ],other,Expense,RVQ
"""32010610003""",ADVERTISEMENTS[RVQ],320106,MARKETTING SALES PROMOTION[RVQ],other,Expense,RVQ
"""32010610004""",EXHIBITION[RVQ],320106,MARKETTING SALES PROMOTION[RVQ],other,Expense,RVQ
"""32010610009""",BUSINESS DEVELOPMENT DIRECT CHARGES[RVQ],320106,MARKETTING SALES PROMOTION[RVQ],other,Expense,RVQ
"""32020110001""",BASIC SALARY FULL TIME EMPLOYEES HO[RVQ],320201,HO STAFF SALARY[RVQ],other,Expense,RVQ
"""32020110002""",MOBILE ALLOWANCE EMPLOYEES HO[RVQ],320201,HO STAFF SALARY[RVQ],other,Expense,RVQ
"""32020110003""",CAR ALLOWANCE EMPLOYEES HO[RVQ],320201,HO STAFF SALARY[RVQ],other,Expense,RVQ
"""32020110004""",HOUSING ALLOWANCE EMPLOYEES HO[RVQ],320201,HO STAFF SALARY[RVQ],other,Expense,RVQ
"""32020110005""",OTHER ALLOWANCE EMPLOYEES HO[RVQ],320201,HO STAFF SALARY[RVQ],other,Expense,RVQ
"""32020110006""",OVERTIME FULL TIME EMPLOYEES HO[RVQ],320201,HO STAFF SALARY[RVQ],other,Expense,RVQ
"""32020110007""",SALARY CASUAL & TEMPORARY HO[RVQ],320201,HO STAFF SALARY[RVQ],other,Expense,RVQ
"""32020110008""",LEAVE SALARY EXPENSES HO[RVQ],320201,HO STAFF SALARY[RVQ],other,Expense,RVQ
"""32020110009""",INDEMNITY EXPENSES HO[RVQ],320201,HO STAFF SALARY[RVQ],other,Expense,RVQ
"""32030110001""",BASIC SALARY FULL TIME EMPLOYEES TOP[RVQ],320301,TOP MGT. SALARY[RVQ],other,Expense,RVQ
"""32030110002""",MOBILE ALLOWANCE EMPLOYEES TOP[RVQ],320301,TOP MGT. SALARY[RVQ],other,Expense,RVQ
"""32030110003""",CAR ALLOWANCE EMPLOYEES TOP[RVQ],320301,TOP MGT. SALARY[RVQ],other,Expense,RVQ
"""32030110004""",HOUSING ALLOWANCE EMPLOYEES TOP[RVQ],320301,TOP MGT. SALARY[RVQ],other,Expense,RVQ
"""32030110005""",OTHER ALLOWANCE EMPLOYEES TOP[RVQ],320301,TOP MGT. SALARY[RVQ],other,Expense,RVQ
"""32030110006""",PROV LEAVE SALARY TOP[RVQ],320301,TOP MGT. SALARY[RVQ],other,Expense,RVQ
"""41010110001""",REVENUE FROM DAILY SALES[RVQ],410101,REVENUE DAILY SALES[RVQ],other,Income,RVQ
"""42010110001""",COMMISSION INCOME[RVQ],420101,COMMISSION INCOME[RVQ],other,Income,RVQ
"""320201000000""",HO ALLOCATED SALARIES[RVA],320201,HO STAFF SALARY[RVA],other,Expense,RVA
"""320230000000""",BANK CHARGES[RVA],320202,HO EXPENSES[RVA],other,Expense,RVA
"""320230000000""",K NET / POS CHARGES[RVA],320202,HO EXPENSES[RVA],other,Expense,RVA
"""320230000000""",CURRENCY GAIN / LOSS[RVA],320202,HO EXPENSES[RVA],other,Expense,RVA
"""320230000000""",LEGAL EXPENSES[RVA],320202,HO EXPENSES[RVA],other,Expense,RVA
"""320230000000""",AUDIT EXPENSES[RVA],320202,HO EXPENSES[RVA],other,Expense,RVA
"""320230000000""",INSURANCE EXPENSES[RVA],320202,HO EXPENSES[RVA],other,Expense,RVA
"""320301000000""",TOP MANAGEMENT ALLOCATED SALARIES[RVA],320301,TOP MGT. SALARY[RVA],other,Expense,RVA
"""320201000000""",HO ALLOCATED SALARIES[RVB],320201,HO STAFF SALARY[RVB],other,Expense,RVB
"""320230000000""",BANK CHARGES[RVB],320202,HO EXPENSES[RVB],other,Expense,RVB
"""320230000000""",K NET / POS CHARGES[RVB],320202,HO EXPENSES[RVB],other,Expense,RVB
"""320230000000""",CURRENCY GAIN / LOSS[RVB],320202,HO EXPENSES[RVB],other,Expense,RVB
"""320230000000""",LEGAL EXPENSES[RVB],320202,HO EXPENSES[RVB],other,Expense,RVB
"""320230000000""",AUDIT EXPENSES[RVB],320202,HO EXPENSES[RVB],other,Expense,RVB
"""320230000000""",INSURANCE EXPENSES[RVB],320202,HO EXPENSES[RVB],other,Expense,RVB
"""320301000000""",TOP MANAGEMENT ALLOCATED SALARIES[RVB],320301,TOP MGT. SALARY[RVB],other,Expense,RVB
"""320201000000""",HO ALLOCATED SALARIES[RVQ],320201,HO STAFF SALARY[RVQ],other,Expense,RVQ
"""320230000000""",BANK CHARGES[RVQ],320202,HO EXPENSES[RVQ],other,Expense,RVQ
"""320230000000""",K NET / POS CHARGES[RVQ],320202,HO EXPENSES[RVQ],other,Expense,RVQ
"""320230000000""",CURRENCY GAIN / LOSS[RVQ],320202,HO EXPENSES[RVQ],other,Expense,RVQ
"""320230000000""",LEGAL EXPENSES[RVQ],320202,HO EXPENSES[RVQ],other,Expense,RVQ
"""320230000000""",AUDIT EXPENSES[RVQ],320202,HO EXPENSES[RVQ],other,Expense,RVQ
"""320230000000""",INSURANCE EXPENSES[RVQ],320202,HO EXPENSES[RVQ],other,Expense,RVQ
"""3202300000000""",HO ALLOCATED EXPENSES[RVA],320202,HO EXPENSES[RVA],other,Expense,RVA
"""3202300000000""",HO ALLOCATED EXPENSES[RVB],320202,HO EXPENSES[RVB],other,Expense,RVB
"""3202300000000""",HO ALLOCATED EXPENSES[RVQ],320202,HO EXPENSES[RVQ],other,Expense,RVQ
